/*
Navicat MySQL Data Transfer

Source Server         : localhost
Source Server Version : 50727
Source Host           : localhost:3306
Source Database       : renren-epidemic

Target Server Type    : MYSQL
Target Server Version : 50727
File Encoding         : 65001

Date: 2021-12-07 23:25:15
*/

SET FOREIGN_KEY_CHECKS=0;

-- ----------------------------
-- Table structure for clock
-- ----------------------------
DROP TABLE IF EXISTS `clock`;
CREATE TABLE `clock` (
  `id` int(11) NOT NULL AUTO_INCREMENT,
  `name` varchar(255) DEFAULT NULL COMMENT '姓名',
  `phone` varchar(255) DEFAULT NULL COMMENT '手机号',
  `szd` varchar(255) DEFAULT NULL COMMENT '所在地',
  `stzk` varchar(255) DEFAULT NULL COMMENT '身体状况',
  `grjc` varchar(255) DEFAULT NULL COMMENT '是否和感染人员接触',
  `bz` varchar(255) DEFAULT NULL,
  `create_time` datetime DEFAULT NULL COMMENT '日期',
  `tw` varchar(255) DEFAULT NULL,
  PRIMARY KEY (`id`)
) ENGINE=InnoDB AUTO_INCREMENT=10 DEFAULT CHARSET=utf8;

-- ----------------------------
-- Records of clock
-- ----------------------------
INSERT INTO `clock` VALUES ('1', '张三', '13219015380', '成都', '良好2', '否', '身体状况良好', '2021-12-07 11:19:46', '36°');
INSERT INTO `clock` VALUES ('3', '张三2', '13219015381', '北京', '良好', '否', '身体状况良好', '2021-12-07 11:19:46', '36.8°');
INSERT INTO `clock` VALUES ('4', '张三3', '13219015382', '武汉', '良好', '否', '身体状况良好', '2021-12-07 11:19:46', '36°');
INSERT INTO `clock` VALUES ('5', '张三4', '13219015385', '武汉', '一般', '是', '身体状况一般', '2021-12-07 11:19:46', '36.65°');
INSERT INTO `clock` VALUES ('6', '张三5', '13219015385', '武汉', '一般', '是', '身体状况一般', '2021-12-07 11:19:46', '36°');
INSERT INTO `clock` VALUES ('7', '张三6', '13219015388', '武汉', '一般', '是', '身体状况一般', '2021-12-07 11:19:46', '36.5°');
INSERT INTO `clock` VALUES ('8', '张三7', '13219015333', '成都', '良好', '否', '身体状况良好', '2021-12-07 11:19:46', '36°');
INSERT INTO `clock` VALUES ('9', '张三8', '132190153833', '成都', '良好', '否', '身体状况良好', '2021-12-07 11:19:46', '36.5°');

-- ----------------------------
-- Table structure for file
-- ----------------------------
DROP TABLE IF EXISTS `file`;
CREATE TABLE `file` (
  `id` int(11) NOT NULL AUTO_INCREMENT,
  `path` varchar(255) DEFAULT NULL,
  `file_name` varchar(255) DEFAULT NULL,
  `file_type` varchar(255) DEFAULT NULL,
  `classify` varchar(255) DEFAULT NULL,
  `create_time` datetime DEFAULT NULL ON UPDATE CURRENT_TIMESTAMP,
  `create_by` varchar(255) DEFAULT NULL,
  PRIMARY KEY (`id`)
) ENGINE=InnoDB AUTO_INCREMENT=279 DEFAULT CHARSET=utf8 ROW_FORMAT=DYNAMIC;

-- ----------------------------
-- Records of file
-- ----------------------------
INSERT INTO `file` VALUES ('1', '0494b01e06a746d0963385212277dab1.pdf', '剑指offer.pdf', 'pdf', '防疫资料宣传', '2021-12-07 23:04:35', null);
INSERT INTO `file` VALUES ('2', '0494b01e06a746d0963385212277dab1.pdf', '剑指offer.pdf', 'pdf', '防疫资料宣传', '2021-12-07 23:04:18', null);
INSERT INTO `file` VALUES ('3', '0494b01e06a746d0963385212277dab1.pdf', '剑指offer.pdf', 'pdf', '防疫资料宣传', '2021-12-07 23:04:18', null);
INSERT INTO `file` VALUES ('4', '0494b01e06a746d0963385212277dab1.pdf', '剑指offer.pdf', 'pdf', '防疫资料宣传', '2021-12-07 23:04:18', null);
INSERT INTO `file` VALUES ('5', '0494b01e06a746d0963385212277dab1.pdf', '剑指offer.pdf', 'pdf', '防疫资料宣传', '2021-12-07 23:04:18', null);
INSERT INTO `file` VALUES ('6', '0494b01e06a746d0963385212277dab1.pdf', '剑指offer.pdf', 'pdf', '防疫资料宣传', '2021-12-07 23:04:18', null);
INSERT INTO `file` VALUES ('7', '0494b01e06a746d0963385212277dab1.pdf', '剑指offer.pdf', 'pdf', '防疫资料宣传', '2021-12-07 23:04:18', null);
INSERT INTO `file` VALUES ('8', '0494b01e06a746d0963385212277dab1.pdf', '剑指offer.pdf', 'pdf', '防疫资料宣传', '2021-12-07 23:04:18', null);
INSERT INTO `file` VALUES ('9', '0494b01e06a746d0963385212277dab1.pdf', '剑指offer.pdf', 'pdf', '防疫资料宣传', '2021-12-07 23:04:18', null);
INSERT INTO `file` VALUES ('10', '0494b01e06a746d0963385212277dab1.pdf', '剑指offer.pdf', 'pdf', '防疫资料宣传', '2021-12-07 23:04:18', null);
INSERT INTO `file` VALUES ('278', 'fc107b00e48145288b9727a353c6e2b4.pdf', '剑指offer.pdf', 'pdf', 'cs', '2021-12-07 23:12:37', null);

-- ----------------------------
-- Table structure for go_out
-- ----------------------------
DROP TABLE IF EXISTS `go_out`;
CREATE TABLE `go_out` (
  `id` int(11) NOT NULL AUTO_INCREMENT,
  `wc_time` datetime DEFAULT NULL COMMENT '外出时间',
  `wc_yy` varchar(255) DEFAULT NULL COMMENT '外出原因',
  `wc_dd` varchar(255) DEFAULT NULL COMMENT '外出地点',
  `username` varchar(255) DEFAULT NULL COMMENT '用户姓名',
  `phone` varchar(255) DEFAULT NULL COMMENT '联系手机号码',
  `bz` varchar(255) DEFAULT NULL COMMENT '备注说明',
  `stu` varchar(255) DEFAULT NULL,
  PRIMARY KEY (`id`)
) ENGINE=InnoDB AUTO_INCREMENT=17 DEFAULT CHARSET=utf8;

-- ----------------------------
-- Records of go_out
-- ----------------------------
INSERT INTO `go_out` VALUES ('1', '2021-12-07 11:19:46', '公务出差', '成都', '张三', '13218547888', '公务出差、注意防疫安全', '同意申请');
INSERT INTO `go_out` VALUES ('2', '2021-12-07 11:19:46', '公务出差', '武汉', '张三', '13218547888', '公务出差、注意防疫安全', '同意申请');
INSERT INTO `go_out` VALUES ('6', '2021-12-07 11:19:46', '公务出差', '北京', '张三5', '13218531888', '公务出差、注意防疫安全', '同意申请');
INSERT INTO `go_out` VALUES ('7', '2021-12-07 11:19:46', '公务出差', '上海', '张三6', '13218548788', '公务出差、注意防疫安全', '未审核');
INSERT INTO `go_out` VALUES ('11', '2021-12-07 11:19:46', '公务出差', '武汉', '张三7', '13218549288', '公务出差、注意防疫安全', '拒绝申请');
INSERT INTO `go_out` VALUES ('16', '2021-12-07 11:19:46', '公务出差', '武汉', '李四', '222222222', '公务出差、注意防疫安全', '未审核');

-- ----------------------------
-- Table structure for info
-- ----------------------------
DROP TABLE IF EXISTS `info`;
CREATE TABLE `info` (
  `id` int(11) NOT NULL AUTO_INCREMENT,
  `title` varchar(255) DEFAULT NULL,
  `content` longtext,
  `create_time` datetime DEFAULT NULL,
  `create_by` varchar(255) DEFAULT NULL,
  `bz` varchar(255) DEFAULT NULL,
  PRIMARY KEY (`id`)
) ENGINE=InnoDB AUTO_INCREMENT=14 DEFAULT CHARSET=utf8;

-- ----------------------------
-- Records of info
-- ----------------------------
INSERT INTO `info` VALUES ('2', '疫情最新数据消息（12月5日0-24时 甘肃省无新增新冠肺炎确诊病例）', '<p>兰州晚报讯 据甘肃省卫生健康委通报，12月5日0-24时甘肃省新冠肺炎疫情信息公布如下：</p><p><strong>本地疫情：</strong></p><p>12月5日0-24时，无新增报告本土确诊病例、疑似病例、无症状感染者。</p><p><strong>境外输入疫情：</strong></p><p>12月5日0-24时，无新增境外输入确诊病例、疑似病例、无症状感染者。</p><p>兰州日报社全媒体记者 田小东</p><p>陇南市新冠疫情防控紧急提醒</p><p>近期，国内有11个省市有新发本土病例报告。12月5日0—24时，31个省（自治区、直辖市）和新疆生产建设兵团报告新增本土确诊病例38例，新增本土无症状感染者5例。为科学精准防控疫情，严防疫情输入，现对广大群众提出如下疫情防控建议：</p><p>管控措施</p><p>及时关注各地官方公布的新发病例轨迹，与之有时空交集者，以及有以下旅居史的来陇返陇人员，一定要第一时间主动向当地社区或居（村）委会、单位或入住酒店进行健康申报，并配合当地疫情防控指挥部的相关防控工作。</p><p><img src=\"http://dingyue.ws.126.net/2021/1207/3cd03751j00r3q1tn002ic000cb00gom.jpg\" alt=\"疫情最新数据消息（12月5日0-24时 甘肃省无新增新冠肺炎确诊病例）-第1张图片-创载网\">&nbsp;</p><p>&nbsp;</p><p><img src=\"http://dingyue.ws.126.net/2021/1207/3eeb1e58j00r3q1tn0050c000u000igm.jpg\" alt=\"疫情最新数据消息（12月5日0-24时 甘肃省无新增新冠肺炎确诊病例）-第2张图片-创载网\">&nbsp;</p><p>防控建议</p><p>关注疫情形势</p><p>及时关注国内疫情变化，如无必须，不要前往有疫情发生的地区。确需前往的，要提前向单位或社区报备，返回后要及时主动报告并配合落实核酸检测、隔离观察等防控措施。</p><p>做好个人防护</p><p>要继续时刻保持良好的个人防护意识，养成随身携带口罩，科学规范佩戴口罩（尤其是在乘坐公共交通工具和在公共场所活动时）、勤洗手、常通风、保持安全社交距离的卫生习惯。</p><p>做好自我健康监测</p><p>要密切观察个人健康状况，一旦出现发热、干咳、乏力、嗅觉味觉减退、鼻塞、流涕、咽痛、结膜炎、肌痛和腹泻等不适症状，请立即前往正规医院的发热门诊或定点医疗机构就诊，并如实告知个人旅居史，就诊途中应全程佩戴口罩，并尽量避免乘坐公共交通工具。</p><p>坚持“人物同防”</p><p>冬季气温低，新冠病毒存活时间更长。非必需不要从境外高风险地区邮购商品，谨慎邮购国内有本土疫情报告所在地区的商品，收发快递做好消毒和手卫生。</p><p>提倡接种疫苗</p><p>接种新冠疫苗是预防控制新冠肺炎传播的最经济、最有效、最方便的措施，更是每一位公民应尽的责任和义务，当前我市新冠病毒疫苗加强免疫工作已开展，请完成两剂次接种，且第二剂接种时间满6个月的18岁及以上，和符合第一剂次、第二剂次接种条件的群众积极主动参与新冠病毒疫苗接种，携手共筑全民免疫屏障。</p><p>陇南市疾病预防控制中心</p><p>2021年12月6日</p><p>关于近期来州返州人员管控措施的通告</p><p>近期国内多地相继报告新增本土病例，给全州疫情防控工作带来风险和挑战。为进一步做好全州疫情防控工作，严格落实“外防输入、内防反弹”各项措施，有效控制和降低疫情输入风险，现就有关事项通告如下：</p><p>一、严格报备制度。请以下人员第一时间主动向所在社区（村）、单位或住宿宾馆报备，按要求配合落实核酸检测、健康监测等各项防控措施。</p><p>11月30日（含）以来途经上海市杨浦区；</p><p>11月29日（含）以来途经广东省广州市白云区；</p><p>11月28日（含）以来途经北京市海淀区、陕西省咸阳市；</p><p>11月26日（含）以来途经黑龙江省哈尔滨市南岗区、香坊区、道外区；</p><p>11月24日（含）以来途经内蒙古自治区通辽市科尔沁区;</p><p>11月24日（含）以来途经黑龙江省齐齐哈尔市讷河市；</p><p>11月22日（含）以来途经浙江省杭州市西湖区；</p><p>11月21日（含）以来途经江苏省徐州市铜山区、泉山区；</p><p>11月19日（含）以来途经河北省石家庄市鹿泉区；</p><p>11月17日（含）以来途经上海市黄浦区、青浦区、松江区；</p><p>11月15日（含）以来途经上海市浦东新区；</p><p>11月4日（含）以来途经内蒙古自治区呼伦贝尔市；</p><p>10月18日（含）以来途经云南省德宏州；</p><p>与已公布的阳性感染者活动轨迹有交集的人员；发现自己健康码转为红码或黄码人员。</p><p>二、关注疫情形势。持续关注疫情防控最新疫情动态，了解相关疫情防控措施。如非必要近期不要前往中高风险地区以及疫情发生地区，非必要不出省。从省外旅游、出差返州后，应向所在社区（村）、单位上报，并进行14天的自我健康监测。</p><p>三、做好健康监测。一旦出现发热、干咳、乏力、嗅觉味觉减退、鼻塞、流涕、咽痛、结膜炎、肌痛和腹泻等不适症状，请立即前往正规医院的发热门诊或定点医疗机构就诊，并如实报告个人旅居史，就诊途中应全程佩戴口罩，并尽量避免乘坐公共交通工具。要持续关注自己的甘肃省健康出行码和通信大数据行程卡，一旦发现健康码、行程卡变为“红码”或“黄码”，必须第一时间向所在社区(村)报告并配合落实相关防控措施。</p><p>四、做好日常防护。坚持戴口罩、勤洗手、常通风，咳嗽、打喷嚏时注意遮挡，做好家庭环境清洁和垃圾处理。避免前往室内密闭或不通风的场所，不聚集，不扎堆。到公共场所保持一米社交距离，主动配合测温、扫码等防疫措施。</p><p>甘南州新冠肺疫情联防联控</p><p><br></p>', '2021-04-27 21:03:15', 'admin', '预防“新冠”感染个人防护措施 1. 避免去疫情高发区');
INSERT INTO `info` VALUES ('3', '疫情最新数据消息（12月5日0-24时 甘肃省无新增新冠肺炎确诊病例）', '<p>兰州晚报讯 据甘肃省卫生健康委通报，12月5日0-24时甘肃省新冠肺炎疫情信息公布如下：</p><p><strong>本地疫情：</strong></p><p>12月5日0-24时，无新增报告本土确诊病例、疑似病例、无症状感染者。</p><p><strong>境外输入疫情：</strong></p><p>12月5日0-24时，无新增境外输入确诊病例、疑似病例、无症状感染者。</p><p>兰州日报社全媒体记者 田小东</p><p>陇南市新冠疫情防控紧急提醒</p><p>近期，国内有11个省市有新发本土病例报告。12月5日0—24时，31个省（自治区、直辖市）和新疆生产建设兵团报告新增本土确诊病例38例，新增本土无症状感染者5例。为科学精准防控疫情，严防疫情输入，现对广大群众提出如下疫情防控建议：</p><p>管控措施</p><p>及时关注各地官方公布的新发病例轨迹，与之有时空交集者，以及有以下旅居史的来陇返陇人员，一定要第一时间主动向当地社区或居（村）委会、单位或入住酒店进行健康申报，并配合当地疫情防控指挥部的相关防控工作。</p><p><img src=\"http://dingyue.ws.126.net/2021/1207/3cd03751j00r3q1tn002ic000cb00gom.jpg\" alt=\"疫情最新数据消息（12月5日0-24时 甘肃省无新增新冠肺炎确诊病例）-第1张图片-创载网\">&nbsp;</p><p>&nbsp;</p><p><img src=\"http://dingyue.ws.126.net/2021/1207/3eeb1e58j00r3q1tn0050c000u000igm.jpg\" alt=\"疫情最新数据消息（12月5日0-24时 甘肃省无新增新冠肺炎确诊病例）-第2张图片-创载网\">&nbsp;</p><p>防控建议</p><p>关注疫情形势</p><p>及时关注国内疫情变化，如无必须，不要前往有疫情发生的地区。确需前往的，要提前向单位或社区报备，返回后要及时主动报告并配合落实核酸检测、隔离观察等防控措施。</p><p>做好个人防护</p><p>要继续时刻保持良好的个人防护意识，养成随身携带口罩，科学规范佩戴口罩（尤其是在乘坐公共交通工具和在公共场所活动时）、勤洗手、常通风、保持安全社交距离的卫生习惯。</p><p>做好自我健康监测</p><p>要密切观察个人健康状况，一旦出现发热、干咳、乏力、嗅觉味觉减退、鼻塞、流涕、咽痛、结膜炎、肌痛和腹泻等不适症状，请立即前往正规医院的发热门诊或定点医疗机构就诊，并如实告知个人旅居史，就诊途中应全程佩戴口罩，并尽量避免乘坐公共交通工具。</p><p>坚持“人物同防”</p><p>冬季气温低，新冠病毒存活时间更长。非必需不要从境外高风险地区邮购商品，谨慎邮购国内有本土疫情报告所在地区的商品，收发快递做好消毒和手卫生。</p><p>提倡接种疫苗</p><p>接种新冠疫苗是预防控制新冠肺炎传播的最经济、最有效、最方便的措施，更是每一位公民应尽的责任和义务，当前我市新冠病毒疫苗加强免疫工作已开展，请完成两剂次接种，且第二剂接种时间满6个月的18岁及以上，和符合第一剂次、第二剂次接种条件的群众积极主动参与新冠病毒疫苗接种，携手共筑全民免疫屏障。</p><p>陇南市疾病预防控制中心</p><p>2021年12月6日</p><p>关于近期来州返州人员管控措施的通告</p><p>近期国内多地相继报告新增本土病例，给全州疫情防控工作带来风险和挑战。为进一步做好全州疫情防控工作，严格落实“外防输入、内防反弹”各项措施，有效控制和降低疫情输入风险，现就有关事项通告如下：</p><p>一、严格报备制度。请以下人员第一时间主动向所在社区（村）、单位或住宿宾馆报备，按要求配合落实核酸检测、健康监测等各项防控措施。</p><p>11月30日（含）以来途经上海市杨浦区；</p><p>11月29日（含）以来途经广东省广州市白云区；</p><p>11月28日（含）以来途经北京市海淀区、陕西省咸阳市；</p><p>11月26日（含）以来途经黑龙江省哈尔滨市南岗区、香坊区、道外区；</p><p>11月24日（含）以来途经内蒙古自治区通辽市科尔沁区;</p><p>11月24日（含）以来途经黑龙江省齐齐哈尔市讷河市；</p><p>11月22日（含）以来途经浙江省杭州市西湖区；</p><p>11月21日（含）以来途经江苏省徐州市铜山区、泉山区；</p><p>11月19日（含）以来途经河北省石家庄市鹿泉区；</p><p>11月17日（含）以来途经上海市黄浦区、青浦区、松江区；</p><p>11月15日（含）以来途经上海市浦东新区；</p><p>11月4日（含）以来途经内蒙古自治区呼伦贝尔市；</p><p>10月18日（含）以来途经云南省德宏州；</p><p>与已公布的阳性感染者活动轨迹有交集的人员；发现自己健康码转为红码或黄码人员。</p><p>二、关注疫情形势。持续关注疫情防控最新疫情动态，了解相关疫情防控措施。如非必要近期不要前往中高风险地区以及疫情发生地区，非必要不出省。从省外旅游、出差返州后，应向所在社区（村）、单位上报，并进行14天的自我健康监测。</p><p>三、做好健康监测。一旦出现发热、干咳、乏力、嗅觉味觉减退、鼻塞、流涕、咽痛、结膜炎、肌痛和腹泻等不适症状，请立即前往正规医院的发热门诊或定点医疗机构就诊，并如实报告个人旅居史，就诊途中应全程佩戴口罩，并尽量避免乘坐公共交通工具。要持续关注自己的甘肃省健康出行码和通信大数据行程卡，一旦发现健康码、行程卡变为“红码”或“黄码”，必须第一时间向所在社区(村)报告并配合落实相关防控措施。</p><p>四、做好日常防护。坚持戴口罩、勤洗手、常通风，咳嗽、打喷嚏时注意遮挡，做好家庭环境清洁和垃圾处理。避免前往室内密闭或不通风的场所，不聚集，不扎堆。到公共场所保持一米社交距离，主动配合测温、扫码等防疫措施。</p><p>甘南州新冠肺疫情联防联控</p><p><br></p>', '2021-04-27 21:03:15', 'admin', '预防“新冠”感染个人防护措施 1. 避免去疫情高发区');
INSERT INTO `info` VALUES ('4', '疫情最新数据消息（12月5日0-24时 甘肃省无新增新冠肺炎确诊病例）', '<p>兰州晚报讯 据甘肃省卫生健康委通报，12月5日0-24时甘肃省新冠肺炎疫情信息公布如下：</p><p><strong>本地疫情：</strong></p><p>12月5日0-24时，无新增报告本土确诊病例、疑似病例、无症状感染者。</p><p><strong>境外输入疫情：</strong></p><p>12月5日0-24时，无新增境外输入确诊病例、疑似病例、无症状感染者。</p><p>兰州日报社全媒体记者 田小东</p><p>陇南市新冠疫情防控紧急提醒</p><p>近期，国内有11个省市有新发本土病例报告。12月5日0—24时，31个省（自治区、直辖市）和新疆生产建设兵团报告新增本土确诊病例38例，新增本土无症状感染者5例。为科学精准防控疫情，严防疫情输入，现对广大群众提出如下疫情防控建议：</p><p>管控措施</p><p>及时关注各地官方公布的新发病例轨迹，与之有时空交集者，以及有以下旅居史的来陇返陇人员，一定要第一时间主动向当地社区或居（村）委会、单位或入住酒店进行健康申报，并配合当地疫情防控指挥部的相关防控工作。</p><p><img src=\"http://dingyue.ws.126.net/2021/1207/3cd03751j00r3q1tn002ic000cb00gom.jpg\" alt=\"疫情最新数据消息（12月5日0-24时 甘肃省无新增新冠肺炎确诊病例）-第1张图片-创载网\">&nbsp;</p><p>&nbsp;</p><p><img src=\"http://dingyue.ws.126.net/2021/1207/3eeb1e58j00r3q1tn0050c000u000igm.jpg\" alt=\"疫情最新数据消息（12月5日0-24时 甘肃省无新增新冠肺炎确诊病例）-第2张图片-创载网\">&nbsp;</p><p>防控建议</p><p>关注疫情形势</p><p>及时关注国内疫情变化，如无必须，不要前往有疫情发生的地区。确需前往的，要提前向单位或社区报备，返回后要及时主动报告并配合落实核酸检测、隔离观察等防控措施。</p><p>做好个人防护</p><p>要继续时刻保持良好的个人防护意识，养成随身携带口罩，科学规范佩戴口罩（尤其是在乘坐公共交通工具和在公共场所活动时）、勤洗手、常通风、保持安全社交距离的卫生习惯。</p><p>做好自我健康监测</p><p>要密切观察个人健康状况，一旦出现发热、干咳、乏力、嗅觉味觉减退、鼻塞、流涕、咽痛、结膜炎、肌痛和腹泻等不适症状，请立即前往正规医院的发热门诊或定点医疗机构就诊，并如实告知个人旅居史，就诊途中应全程佩戴口罩，并尽量避免乘坐公共交通工具。</p><p>坚持“人物同防”</p><p>冬季气温低，新冠病毒存活时间更长。非必需不要从境外高风险地区邮购商品，谨慎邮购国内有本土疫情报告所在地区的商品，收发快递做好消毒和手卫生。</p><p>提倡接种疫苗</p><p>接种新冠疫苗是预防控制新冠肺炎传播的最经济、最有效、最方便的措施，更是每一位公民应尽的责任和义务，当前我市新冠病毒疫苗加强免疫工作已开展，请完成两剂次接种，且第二剂接种时间满6个月的18岁及以上，和符合第一剂次、第二剂次接种条件的群众积极主动参与新冠病毒疫苗接种，携手共筑全民免疫屏障。</p><p>陇南市疾病预防控制中心</p><p>2021年12月6日</p><p>关于近期来州返州人员管控措施的通告</p><p>近期国内多地相继报告新增本土病例，给全州疫情防控工作带来风险和挑战。为进一步做好全州疫情防控工作，严格落实“外防输入、内防反弹”各项措施，有效控制和降低疫情输入风险，现就有关事项通告如下：</p><p>一、严格报备制度。请以下人员第一时间主动向所在社区（村）、单位或住宿宾馆报备，按要求配合落实核酸检测、健康监测等各项防控措施。</p><p>11月30日（含）以来途经上海市杨浦区；</p><p>11月29日（含）以来途经广东省广州市白云区；</p><p>11月28日（含）以来途经北京市海淀区、陕西省咸阳市；</p><p>11月26日（含）以来途经黑龙江省哈尔滨市南岗区、香坊区、道外区；</p><p>11月24日（含）以来途经内蒙古自治区通辽市科尔沁区;</p><p>11月24日（含）以来途经黑龙江省齐齐哈尔市讷河市；</p><p>11月22日（含）以来途经浙江省杭州市西湖区；</p><p>11月21日（含）以来途经江苏省徐州市铜山区、泉山区；</p><p>11月19日（含）以来途经河北省石家庄市鹿泉区；</p><p>11月17日（含）以来途经上海市黄浦区、青浦区、松江区；</p><p>11月15日（含）以来途经上海市浦东新区；</p><p>11月4日（含）以来途经内蒙古自治区呼伦贝尔市；</p><p>10月18日（含）以来途经云南省德宏州；</p><p>与已公布的阳性感染者活动轨迹有交集的人员；发现自己健康码转为红码或黄码人员。</p><p>二、关注疫情形势。持续关注疫情防控最新疫情动态，了解相关疫情防控措施。如非必要近期不要前往中高风险地区以及疫情发生地区，非必要不出省。从省外旅游、出差返州后，应向所在社区（村）、单位上报，并进行14天的自我健康监测。</p><p>三、做好健康监测。一旦出现发热、干咳、乏力、嗅觉味觉减退、鼻塞、流涕、咽痛、结膜炎、肌痛和腹泻等不适症状，请立即前往正规医院的发热门诊或定点医疗机构就诊，并如实报告个人旅居史，就诊途中应全程佩戴口罩，并尽量避免乘坐公共交通工具。要持续关注自己的甘肃省健康出行码和通信大数据行程卡，一旦发现健康码、行程卡变为“红码”或“黄码”，必须第一时间向所在社区(村)报告并配合落实相关防控措施。</p><p>四、做好日常防护。坚持戴口罩、勤洗手、常通风，咳嗽、打喷嚏时注意遮挡，做好家庭环境清洁和垃圾处理。避免前往室内密闭或不通风的场所，不聚集，不扎堆。到公共场所保持一米社交距离，主动配合测温、扫码等防疫措施。</p><p>甘南州新冠肺疫情联防联控</p><p><br></p>', '2021-04-27 21:03:15', 'admin', '预防“新冠”感染个人防护措施 1. 避免去疫情高发区');
INSERT INTO `info` VALUES ('5', '疫情最新数据消息（12月5日0-24时 甘肃省无新增新冠肺炎确诊病例）', '<p>兰州晚报讯 据甘肃省卫生健康委通报，12月5日0-24时甘肃省新冠肺炎疫情信息公布如下：</p><p><strong>本地疫情：</strong></p><p>12月5日0-24时，无新增报告本土确诊病例、疑似病例、无症状感染者。</p><p><strong>境外输入疫情：</strong></p><p>12月5日0-24时，无新增境外输入确诊病例、疑似病例、无症状感染者。</p><p>兰州日报社全媒体记者 田小东</p><p>陇南市新冠疫情防控紧急提醒</p><p>近期，国内有11个省市有新发本土病例报告。12月5日0—24时，31个省（自治区、直辖市）和新疆生产建设兵团报告新增本土确诊病例38例，新增本土无症状感染者5例。为科学精准防控疫情，严防疫情输入，现对广大群众提出如下疫情防控建议：</p><p>管控措施</p><p>及时关注各地官方公布的新发病例轨迹，与之有时空交集者，以及有以下旅居史的来陇返陇人员，一定要第一时间主动向当地社区或居（村）委会、单位或入住酒店进行健康申报，并配合当地疫情防控指挥部的相关防控工作。</p><p><img src=\"http://dingyue.ws.126.net/2021/1207/3cd03751j00r3q1tn002ic000cb00gom.jpg\" alt=\"疫情最新数据消息（12月5日0-24时 甘肃省无新增新冠肺炎确诊病例）-第1张图片-创载网\">&nbsp;</p><p>&nbsp;</p><p><img src=\"http://dingyue.ws.126.net/2021/1207/3eeb1e58j00r3q1tn0050c000u000igm.jpg\" alt=\"疫情最新数据消息（12月5日0-24时 甘肃省无新增新冠肺炎确诊病例）-第2张图片-创载网\">&nbsp;</p><p>防控建议</p><p>关注疫情形势</p><p>及时关注国内疫情变化，如无必须，不要前往有疫情发生的地区。确需前往的，要提前向单位或社区报备，返回后要及时主动报告并配合落实核酸检测、隔离观察等防控措施。</p><p>做好个人防护</p><p>要继续时刻保持良好的个人防护意识，养成随身携带口罩，科学规范佩戴口罩（尤其是在乘坐公共交通工具和在公共场所活动时）、勤洗手、常通风、保持安全社交距离的卫生习惯。</p><p>做好自我健康监测</p><p>要密切观察个人健康状况，一旦出现发热、干咳、乏力、嗅觉味觉减退、鼻塞、流涕、咽痛、结膜炎、肌痛和腹泻等不适症状，请立即前往正规医院的发热门诊或定点医疗机构就诊，并如实告知个人旅居史，就诊途中应全程佩戴口罩，并尽量避免乘坐公共交通工具。</p><p>坚持“人物同防”</p><p>冬季气温低，新冠病毒存活时间更长。非必需不要从境外高风险地区邮购商品，谨慎邮购国内有本土疫情报告所在地区的商品，收发快递做好消毒和手卫生。</p><p>提倡接种疫苗</p><p>接种新冠疫苗是预防控制新冠肺炎传播的最经济、最有效、最方便的措施，更是每一位公民应尽的责任和义务，当前我市新冠病毒疫苗加强免疫工作已开展，请完成两剂次接种，且第二剂接种时间满6个月的18岁及以上，和符合第一剂次、第二剂次接种条件的群众积极主动参与新冠病毒疫苗接种，携手共筑全民免疫屏障。</p><p>陇南市疾病预防控制中心</p><p>2021年12月6日</p><p>关于近期来州返州人员管控措施的通告</p><p>近期国内多地相继报告新增本土病例，给全州疫情防控工作带来风险和挑战。为进一步做好全州疫情防控工作，严格落实“外防输入、内防反弹”各项措施，有效控制和降低疫情输入风险，现就有关事项通告如下：</p><p>一、严格报备制度。请以下人员第一时间主动向所在社区（村）、单位或住宿宾馆报备，按要求配合落实核酸检测、健康监测等各项防控措施。</p><p>11月30日（含）以来途经上海市杨浦区；</p><p>11月29日（含）以来途经广东省广州市白云区；</p><p>11月28日（含）以来途经北京市海淀区、陕西省咸阳市；</p><p>11月26日（含）以来途经黑龙江省哈尔滨市南岗区、香坊区、道外区；</p><p>11月24日（含）以来途经内蒙古自治区通辽市科尔沁区;</p><p>11月24日（含）以来途经黑龙江省齐齐哈尔市讷河市；</p><p>11月22日（含）以来途经浙江省杭州市西湖区；</p><p>11月21日（含）以来途经江苏省徐州市铜山区、泉山区；</p><p>11月19日（含）以来途经河北省石家庄市鹿泉区；</p><p>11月17日（含）以来途经上海市黄浦区、青浦区、松江区；</p><p>11月15日（含）以来途经上海市浦东新区；</p><p>11月4日（含）以来途经内蒙古自治区呼伦贝尔市；</p><p>10月18日（含）以来途经云南省德宏州；</p><p>与已公布的阳性感染者活动轨迹有交集的人员；发现自己健康码转为红码或黄码人员。</p><p>二、关注疫情形势。持续关注疫情防控最新疫情动态，了解相关疫情防控措施。如非必要近期不要前往中高风险地区以及疫情发生地区，非必要不出省。从省外旅游、出差返州后，应向所在社区（村）、单位上报，并进行14天的自我健康监测。</p><p>三、做好健康监测。一旦出现发热、干咳、乏力、嗅觉味觉减退、鼻塞、流涕、咽痛、结膜炎、肌痛和腹泻等不适症状，请立即前往正规医院的发热门诊或定点医疗机构就诊，并如实报告个人旅居史，就诊途中应全程佩戴口罩，并尽量避免乘坐公共交通工具。要持续关注自己的甘肃省健康出行码和通信大数据行程卡，一旦发现健康码、行程卡变为“红码”或“黄码”，必须第一时间向所在社区(村)报告并配合落实相关防控措施。</p><p>四、做好日常防护。坚持戴口罩、勤洗手、常通风，咳嗽、打喷嚏时注意遮挡，做好家庭环境清洁和垃圾处理。避免前往室内密闭或不通风的场所，不聚集，不扎堆。到公共场所保持一米社交距离，主动配合测温、扫码等防疫措施。</p><p>甘南州新冠肺疫情联防联控</p><p><br></p>', '2021-04-27 21:03:15', 'admin', '预防“新冠”感染个人防护措施 1. 避免去疫情高发区');
INSERT INTO `info` VALUES ('6', '疫情最新数据消息（12月5日0-24时 甘肃省无新增新冠肺炎确诊病例）', '<p>兰州晚报讯 据甘肃省卫生健康委通报，12月5日0-24时甘肃省新冠肺炎疫情信息公布如下：</p><p><strong>本地疫情：</strong></p><p>12月5日0-24时，无新增报告本土确诊病例、疑似病例、无症状感染者。</p><p><strong>境外输入疫情：</strong></p><p>12月5日0-24时，无新增境外输入确诊病例、疑似病例、无症状感染者。</p><p>兰州日报社全媒体记者 田小东</p><p>陇南市新冠疫情防控紧急提醒</p><p>近期，国内有11个省市有新发本土病例报告。12月5日0—24时，31个省（自治区、直辖市）和新疆生产建设兵团报告新增本土确诊病例38例，新增本土无症状感染者5例。为科学精准防控疫情，严防疫情输入，现对广大群众提出如下疫情防控建议：</p><p>管控措施</p><p>及时关注各地官方公布的新发病例轨迹，与之有时空交集者，以及有以下旅居史的来陇返陇人员，一定要第一时间主动向当地社区或居（村）委会、单位或入住酒店进行健康申报，并配合当地疫情防控指挥部的相关防控工作。</p><p><img src=\"http://dingyue.ws.126.net/2021/1207/3cd03751j00r3q1tn002ic000cb00gom.jpg\" alt=\"疫情最新数据消息（12月5日0-24时 甘肃省无新增新冠肺炎确诊病例）-第1张图片-创载网\">&nbsp;</p><p>&nbsp;</p><p><img src=\"http://dingyue.ws.126.net/2021/1207/3eeb1e58j00r3q1tn0050c000u000igm.jpg\" alt=\"疫情最新数据消息（12月5日0-24时 甘肃省无新增新冠肺炎确诊病例）-第2张图片-创载网\">&nbsp;</p><p>防控建议</p><p>关注疫情形势</p><p>及时关注国内疫情变化，如无必须，不要前往有疫情发生的地区。确需前往的，要提前向单位或社区报备，返回后要及时主动报告并配合落实核酸检测、隔离观察等防控措施。</p><p>做好个人防护</p><p>要继续时刻保持良好的个人防护意识，养成随身携带口罩，科学规范佩戴口罩（尤其是在乘坐公共交通工具和在公共场所活动时）、勤洗手、常通风、保持安全社交距离的卫生习惯。</p><p>做好自我健康监测</p><p>要密切观察个人健康状况，一旦出现发热、干咳、乏力、嗅觉味觉减退、鼻塞、流涕、咽痛、结膜炎、肌痛和腹泻等不适症状，请立即前往正规医院的发热门诊或定点医疗机构就诊，并如实告知个人旅居史，就诊途中应全程佩戴口罩，并尽量避免乘坐公共交通工具。</p><p>坚持“人物同防”</p><p>冬季气温低，新冠病毒存活时间更长。非必需不要从境外高风险地区邮购商品，谨慎邮购国内有本土疫情报告所在地区的商品，收发快递做好消毒和手卫生。</p><p>提倡接种疫苗</p><p>接种新冠疫苗是预防控制新冠肺炎传播的最经济、最有效、最方便的措施，更是每一位公民应尽的责任和义务，当前我市新冠病毒疫苗加强免疫工作已开展，请完成两剂次接种，且第二剂接种时间满6个月的18岁及以上，和符合第一剂次、第二剂次接种条件的群众积极主动参与新冠病毒疫苗接种，携手共筑全民免疫屏障。</p><p>陇南市疾病预防控制中心</p><p>2021年12月6日</p><p>关于近期来州返州人员管控措施的通告</p><p>近期国内多地相继报告新增本土病例，给全州疫情防控工作带来风险和挑战。为进一步做好全州疫情防控工作，严格落实“外防输入、内防反弹”各项措施，有效控制和降低疫情输入风险，现就有关事项通告如下：</p><p>一、严格报备制度。请以下人员第一时间主动向所在社区（村）、单位或住宿宾馆报备，按要求配合落实核酸检测、健康监测等各项防控措施。</p><p>11月30日（含）以来途经上海市杨浦区；</p><p>11月29日（含）以来途经广东省广州市白云区；</p><p>11月28日（含）以来途经北京市海淀区、陕西省咸阳市；</p><p>11月26日（含）以来途经黑龙江省哈尔滨市南岗区、香坊区、道外区；</p><p>11月24日（含）以来途经内蒙古自治区通辽市科尔沁区;</p><p>11月24日（含）以来途经黑龙江省齐齐哈尔市讷河市；</p><p>11月22日（含）以来途经浙江省杭州市西湖区；</p><p>11月21日（含）以来途经江苏省徐州市铜山区、泉山区；</p><p>11月19日（含）以来途经河北省石家庄市鹿泉区；</p><p>11月17日（含）以来途经上海市黄浦区、青浦区、松江区；</p><p>11月15日（含）以来途经上海市浦东新区；</p><p>11月4日（含）以来途经内蒙古自治区呼伦贝尔市；</p><p>10月18日（含）以来途经云南省德宏州；</p><p>与已公布的阳性感染者活动轨迹有交集的人员；发现自己健康码转为红码或黄码人员。</p><p>二、关注疫情形势。持续关注疫情防控最新疫情动态，了解相关疫情防控措施。如非必要近期不要前往中高风险地区以及疫情发生地区，非必要不出省。从省外旅游、出差返州后，应向所在社区（村）、单位上报，并进行14天的自我健康监测。</p><p>三、做好健康监测。一旦出现发热、干咳、乏力、嗅觉味觉减退、鼻塞、流涕、咽痛、结膜炎、肌痛和腹泻等不适症状，请立即前往正规医院的发热门诊或定点医疗机构就诊，并如实报告个人旅居史，就诊途中应全程佩戴口罩，并尽量避免乘坐公共交通工具。要持续关注自己的甘肃省健康出行码和通信大数据行程卡，一旦发现健康码、行程卡变为“红码”或“黄码”，必须第一时间向所在社区(村)报告并配合落实相关防控措施。</p><p>四、做好日常防护。坚持戴口罩、勤洗手、常通风，咳嗽、打喷嚏时注意遮挡，做好家庭环境清洁和垃圾处理。避免前往室内密闭或不通风的场所，不聚集，不扎堆。到公共场所保持一米社交距离，主动配合测温、扫码等防疫措施。</p><p>甘南州新冠肺疫情联防联控</p><p><br></p>', '2021-04-27 21:03:15', 'admin', '预防“新冠”感染个人防护措施 1. 避免去疫情高发区');
INSERT INTO `info` VALUES ('8', '疫情最新数据消息（12月5日0-24时 甘肃省无新增新冠肺炎确诊病例）', '<p>兰州晚报讯 据甘肃省卫生健康委通报，12月5日0-24时甘肃省新冠肺炎疫情信息公布如下：</p><p><strong>本地疫情：</strong></p><p>12月5日0-24时，无新增报告本土确诊病例、疑似病例、无症状感染者。</p><p><strong>境外输入疫情：</strong></p><p>12月5日0-24时，无新增境外输入确诊病例、疑似病例、无症状感染者。</p><p>兰州日报社全媒体记者 田小东</p><p>陇南市新冠疫情防控紧急提醒</p><p>近期，国内有11个省市有新发本土病例报告。12月5日0—24时，31个省（自治区、直辖市）和新疆生产建设兵团报告新增本土确诊病例38例，新增本土无症状感染者5例。为科学精准防控疫情，严防疫情输入，现对广大群众提出如下疫情防控建议：</p><p>管控措施</p><p>及时关注各地官方公布的新发病例轨迹，与之有时空交集者，以及有以下旅居史的来陇返陇人员，一定要第一时间主动向当地社区或居（村）委会、单位或入住酒店进行健康申报，并配合当地疫情防控指挥部的相关防控工作。</p><p><img src=\"http://dingyue.ws.126.net/2021/1207/3cd03751j00r3q1tn002ic000cb00gom.jpg\" alt=\"疫情最新数据消息（12月5日0-24时 甘肃省无新增新冠肺炎确诊病例）-第1张图片-创载网\">&nbsp;</p><p>&nbsp;</p><p><img src=\"http://dingyue.ws.126.net/2021/1207/3eeb1e58j00r3q1tn0050c000u000igm.jpg\" alt=\"疫情最新数据消息（12月5日0-24时 甘肃省无新增新冠肺炎确诊病例）-第2张图片-创载网\">&nbsp;</p><p>防控建议</p><p>关注疫情形势</p><p>及时关注国内疫情变化，如无必须，不要前往有疫情发生的地区。确需前往的，要提前向单位或社区报备，返回后要及时主动报告并配合落实核酸检测、隔离观察等防控措施。</p><p>做好个人防护</p><p>要继续时刻保持良好的个人防护意识，养成随身携带口罩，科学规范佩戴口罩（尤其是在乘坐公共交通工具和在公共场所活动时）、勤洗手、常通风、保持安全社交距离的卫生习惯。</p><p>做好自我健康监测</p><p>要密切观察个人健康状况，一旦出现发热、干咳、乏力、嗅觉味觉减退、鼻塞、流涕、咽痛、结膜炎、肌痛和腹泻等不适症状，请立即前往正规医院的发热门诊或定点医疗机构就诊，并如实告知个人旅居史，就诊途中应全程佩戴口罩，并尽量避免乘坐公共交通工具。</p><p>坚持“人物同防”</p><p>冬季气温低，新冠病毒存活时间更长。非必需不要从境外高风险地区邮购商品，谨慎邮购国内有本土疫情报告所在地区的商品，收发快递做好消毒和手卫生。</p><p>提倡接种疫苗</p><p>接种新冠疫苗是预防控制新冠肺炎传播的最经济、最有效、最方便的措施，更是每一位公民应尽的责任和义务，当前我市新冠病毒疫苗加强免疫工作已开展，请完成两剂次接种，且第二剂接种时间满6个月的18岁及以上，和符合第一剂次、第二剂次接种条件的群众积极主动参与新冠病毒疫苗接种，携手共筑全民免疫屏障。</p><p>陇南市疾病预防控制中心</p><p>2021年12月6日</p><p>关于近期来州返州人员管控措施的通告</p><p>近期国内多地相继报告新增本土病例，给全州疫情防控工作带来风险和挑战。为进一步做好全州疫情防控工作，严格落实“外防输入、内防反弹”各项措施，有效控制和降低疫情输入风险，现就有关事项通告如下：</p><p>一、严格报备制度。请以下人员第一时间主动向所在社区（村）、单位或住宿宾馆报备，按要求配合落实核酸检测、健康监测等各项防控措施。</p><p>11月30日（含）以来途经上海市杨浦区；</p><p>11月29日（含）以来途经广东省广州市白云区；</p><p>11月28日（含）以来途经北京市海淀区、陕西省咸阳市；</p><p>11月26日（含）以来途经黑龙江省哈尔滨市南岗区、香坊区、道外区；</p><p>11月24日（含）以来途经内蒙古自治区通辽市科尔沁区;</p><p>11月24日（含）以来途经黑龙江省齐齐哈尔市讷河市；</p><p>11月22日（含）以来途经浙江省杭州市西湖区；</p><p>11月21日（含）以来途经江苏省徐州市铜山区、泉山区；</p><p>11月19日（含）以来途经河北省石家庄市鹿泉区；</p><p>11月17日（含）以来途经上海市黄浦区、青浦区、松江区；</p><p>11月15日（含）以来途经上海市浦东新区；</p><p>11月4日（含）以来途经内蒙古自治区呼伦贝尔市；</p><p>10月18日（含）以来途经云南省德宏州；</p><p>与已公布的阳性感染者活动轨迹有交集的人员；发现自己健康码转为红码或黄码人员。</p><p>二、关注疫情形势。持续关注疫情防控最新疫情动态，了解相关疫情防控措施。如非必要近期不要前往中高风险地区以及疫情发生地区，非必要不出省。从省外旅游、出差返州后，应向所在社区（村）、单位上报，并进行14天的自我健康监测。</p><p>三、做好健康监测。一旦出现发热、干咳、乏力、嗅觉味觉减退、鼻塞、流涕、咽痛、结膜炎、肌痛和腹泻等不适症状，请立即前往正规医院的发热门诊或定点医疗机构就诊，并如实报告个人旅居史，就诊途中应全程佩戴口罩，并尽量避免乘坐公共交通工具。要持续关注自己的甘肃省健康出行码和通信大数据行程卡，一旦发现健康码、行程卡变为“红码”或“黄码”，必须第一时间向所在社区(村)报告并配合落实相关防控措施。</p><p>四、做好日常防护。坚持戴口罩、勤洗手、常通风，咳嗽、打喷嚏时注意遮挡，做好家庭环境清洁和垃圾处理。避免前往室内密闭或不通风的场所，不聚集，不扎堆。到公共场所保持一米社交距离，主动配合测温、扫码等防疫措施。</p><p>甘南州新冠肺疫情联防联控</p><p><br></p>', '2021-04-29 17:47:16', 'admin', '洗手：接触血液、体液、排泄物、分泌物后可能污染时，脱手套后');
INSERT INTO `info` VALUES ('9', '31个省份昨日新增本土确诊病例38例 全国疫情最新12月6日消息数据 全国高、中风险地区名单最新更新', '<p class=\"ql-align-justify\">12月5日0—24时，31个省（自治区、直辖市）和新疆生产建设兵团报告新增确诊病例61例。其中境外输入病例23例（广西9例，上海5例，云南4例，陕西2例，福建1例，山东1例，广东1例）；本土病例38例（内蒙古28例，均在呼伦贝尔市；黑龙江7例，均在哈尔滨市；云南2例，均在德宏傣族景颇族自治州；河北1例，在石家庄市），含4例由无症状感染者转为确诊病例（均在内蒙古）。无新增死亡病例。新增疑似病例1例，为境外输入病例（在上海）。</p><p class=\"ql-align-justify\">当日新增治愈出院病例37例，解除医学观察的密切接触者796人，重症病例与前一日持平。</p><p class=\"ql-align-justify\">境外输入现有确诊病例425例（无重症病例），现有疑似病例2例。累计确诊病例10282例，累计治愈出院病例9857例，无死亡病例。</p><p class=\"ql-align-justify\">截至12月5日24时，据31个省（自治区、直辖市）和新疆生产建设兵团报告，现有确诊病例1060例（其中重症病例12例），累计治愈出院病例93507例，累计死亡病例4636例，累计报告确诊病例99203例，现有疑似病例2例。累计追踪到密切接触者1339086人，尚在医学观察的密切接触者35990人。</p><p class=\"ql-align-justify\">31个省（自治区、直辖市）和新疆生产建设兵团报告新增无症状感染者44例，其中境外输入39例，本土5例（云南3例，均在德宏傣族景颇族自治州；内蒙古2例，均在呼伦贝尔市）；当日转为确诊病例4例（无境外输入）；当日解除医学观察12例（境外输入10例）；尚在医学观察的无症状感染者487例（境外输入419例）。</p><p class=\"ql-align-justify\">累计收到港澳台地区通报确诊病例29190例。其中，香港特别行政区12461例（出院12149例，死亡213例），澳门特别行政区77例（出院77例），台湾地区16652例（出院13742例，死亡848例）。</p><p class=\"ql-align-justify\">来源：国家卫健委</p><p class=\"ql-align-justify\"><strong>高、中风险地区入（返）泉人员</strong></p><p class=\"ql-align-justify\"><strong>健康管理要求一览表</strong></p><p class=\"ql-align-justify\"><strong>（截至2021年12月5日22时）</strong></p><p class=\"ql-align-justify\"><strong>一、高风险地区（8个）</strong></p><p class=\"ql-align-justify\"><strong>内蒙古自治区（7个）</strong></p><p class=\"ql-align-justify\">满洲里市东山街道（11.28新增,11.13起健康管理）</p><p class=\"ql-align-justify\">满洲里市南区街道（11.30调整,11.13起健康管理）</p><p class=\"ql-align-justify\">满洲里市北区街道（11.30新增,11.13起健康管理）</p><p class=\"ql-align-justify\">满洲里市兴华街道（12.1新增,11.13起健康管理）</p><p class=\"ql-align-justify\">呼伦贝尔市扎赉诺尔区第三街道（12.1新增,11.13起健康管理）</p><p class=\"ql-align-justify\">呼伦贝尔市扎赉诺尔区第四街道（12.1新增,11.13起健康管理）</p><p class=\"ql-align-justify\">呼伦贝尔市扎赉诺尔区第一街道（12.４新增,11.13起健康管理）</p><p class=\"ql-align-justify\"><strong>云南省（1个）</strong></p><p class=\"ql-align-justify\">德宏傣族景颇族自治州陇川县景岭博郡建筑工地以北、勐宛山水建筑工地以西、仁和医院和星云小区以南、勐宛南路延长线以东片区（71网格）（12.3新增,11.18起健康管理）</p><p class=\"ql-align-justify\"><strong>二、中风险地区（33个）</strong></p><p class=\"ql-align-justify\"><strong>黑龙江省（22个）</strong></p><p class=\"ql-align-justify\">哈尔滨市道外区龙信家园小区（12.3新增,11.19起健康管理）</p><p class=\"ql-align-justify\">哈尔滨市香坊区新松茂樾山二期（12.3新增,11.19起健康管理）</p><p class=\"ql-align-justify\">哈尔滨市香坊区东升家园小区（12.3新增,11.19起健康管理）</p><p class=\"ql-align-justify\">哈尔滨市香坊区菜艺街123号（12.3新增,11.19起健康管理）</p><p class=\"ql-align-justify\">哈尔滨市南岗区爱达尊御小区（12.3新增,11.19起健康管理）</p><p class=\"ql-align-justify\">哈尔滨市南岗区君贵东方瑞景小区（12.3新增,11.19起健康管理）</p><p class=\"ql-align-justify\">哈尔滨市南岗区华鸿金色柏林小区10号楼（12.3新增,11.19起健康管理）</p><p class=\"ql-align-justify\">哈尔滨市南岗区国庆街2号4号6号与文教街2号至26号半围合楼栋（12.3新增,11.19起健康管理）</p><p class=\"ql-align-justify\">哈尔滨市南岗区巴陵街84号至光芒街与巴陵街至光芒街68号半围合楼栋（12.3新增,11.19起健康管理）</p><p class=\"ql-align-justify\">哈尔滨市南岗区鲁商松江新城(七地块1-20栋、五地块14-17栋、五地块21-23栋)（12.3新增,11.19起健康管理）</p><p class=\"ql-align-justify\">哈尔滨市南岗区农垦小区（12.3新增,11.19起健康管理）</p><p class=\"ql-align-justify\">哈尔滨市香坊区温哥华森林小区二期（12.3新增,11.19起健康管理）</p><p class=\"ql-align-justify\">哈尔滨市香坊区公滨路396号院（12.3新增,11.19起健康管理）</p><p class=\"ql-align-justify\">哈尔滨市香坊区睿城小区B5栋A8栋B1栋B4栋合围区域（12.3新增,11.19起健康管理）</p><p class=\"ql-align-justify\">哈尔滨市南岗区学府星城小区（12.5新增,11.19起健康管理）</p><p class=\"ql-align-justify\">哈尔滨市南岗区果戈里大街58号院（12.5新增,11.19起健康管理）</p><p class=\"ql-align-justify\">哈尔滨市南岗区邮政街324号至346号楼栋与邮政街346号至满洲里街59号楼栋半合围区域（12.5新增,11.19起健康管理）</p><p class=\"ql-align-justify\">哈尔滨市南岗区宣庆街55号院（12.5新增,11.19起健康管理）</p><p class=\"ql-align-justify\">哈尔滨市香坊区珠江帝景小区（12.5新增,11.19起健康管理）</p><p class=\"ql-align-justify\">哈尔滨市香坊区旭升街91号（哈汽501栋、哈汽503栋、哈锅55栋合围区域）（12.5新增,11.19起健康管理）</p><p class=\"ql-align-justify\">哈尔滨市香坊区乐山路1号（科技公寓1号院、2号院、建北街56号、58号合围区域）（12.5新增,11.19起健康管理）</p><p class=\"ql-align-justify\">哈尔滨市松北区地恒托斯卡纳四期B23栋（12.5新增,11.19起健康管理）</p><p class=\"ql-align-justify\"><strong>内蒙古自治区（5个）</strong></p><p class=\"ql-align-justify\">通辽市科尔沁区钱家店镇孔家村（11.29新增,11.13起健康管理）</p><p class=\"ql-align-justify\">呼伦贝尔市扎赉诺尔区第二街道（11.30新增,11.13起健康管理）</p><p class=\"ql-align-justify\">呼伦贝尔市扎赉诺尔区第五街道（11.30新增,11.13起健康管理）</p><p class=\"ql-align-justify\">呼伦贝尔市扎赉诺尔区灵泉镇（12.2新增,11.13起健康管理）</p><p class=\"ql-align-justify\">呼伦贝尔市新巴尔虎右旗阿拉坦额莫勒镇（12.2新增,11.13起健康管理）</p><p class=\"ql-align-justify\"><strong>云南省（1个）</strong></p><p class=\"ql-align-justify\">瑞丽市弄岛镇等秀村委会等秀村民小组（11.6新增,10.19起健康管理）</p><p><br></p>', '2021-12-07 20:31:08', 'admin', '');
INSERT INTO `info` VALUES ('11', '疫情最新数据消息（12月5日0-24时 甘肃省无新增新冠肺炎确诊病例）', '<p>兰州晚报讯 据甘肃省卫生健康委通报，12月5日0-24时甘肃省新冠肺炎疫情信息公布如下：</p><p><strong>本地疫情：</strong></p><p>12月5日0-24时，无新增报告本土确诊病例、疑似病例、无症状感染者。</p><p><strong>境外输入疫情：</strong></p><p>12月5日0-24时，无新增境外输入确诊病例、疑似病例、无症状感染者。</p><p>兰州日报社全媒体记者 田小东</p><p>陇南市新冠疫情防控紧急提醒</p><p>近期，国内有11个省市有新发本土病例报告。12月5日0—24时，31个省（自治区、直辖市）和新疆生产建设兵团报告新增本土确诊病例38例，新增本土无症状感染者5例。为科学精准防控疫情，严防疫情输入，现对广大群众提出如下疫情防控建议：</p><p>管控措施</p><p>及时关注各地官方公布的新发病例轨迹，与之有时空交集者，以及有以下旅居史的来陇返陇人员，一定要第一时间主动向当地社区或居（村）委会、单位或入住酒店进行健康申报，并配合当地疫情防控指挥部的相关防控工作。</p><p><img src=\"http://dingyue.ws.126.net/2021/1207/3cd03751j00r3q1tn002ic000cb00gom.jpg\" alt=\"疫情最新数据消息（12月5日0-24时 甘肃省无新增新冠肺炎确诊病例）-第1张图片-创载网\">&nbsp;</p><p>&nbsp;</p><p><img src=\"http://dingyue.ws.126.net/2021/1207/3eeb1e58j00r3q1tn0050c000u000igm.jpg\" alt=\"疫情最新数据消息（12月5日0-24时 甘肃省无新增新冠肺炎确诊病例）-第2张图片-创载网\">&nbsp;</p><p>防控建议</p><p>关注疫情形势</p><p>及时关注国内疫情变化，如无必须，不要前往有疫情发生的地区。确需前往的，要提前向单位或社区报备，返回后要及时主动报告并配合落实核酸检测、隔离观察等防控措施。</p><p>做好个人防护</p><p>要继续时刻保持良好的个人防护意识，养成随身携带口罩，科学规范佩戴口罩（尤其是在乘坐公共交通工具和在公共场所活动时）、勤洗手、常通风、保持安全社交距离的卫生习惯。</p><p>做好自我健康监测</p><p>要密切观察个人健康状况，一旦出现发热、干咳、乏力、嗅觉味觉减退、鼻塞、流涕、咽痛、结膜炎、肌痛和腹泻等不适症状，请立即前往正规医院的发热门诊或定点医疗机构就诊，并如实告知个人旅居史，就诊途中应全程佩戴口罩，并尽量避免乘坐公共交通工具。</p><p>坚持“人物同防”</p><p>冬季气温低，新冠病毒存活时间更长。非必需不要从境外高风险地区邮购商品，谨慎邮购国内有本土疫情报告所在地区的商品，收发快递做好消毒和手卫生。</p><p>提倡接种疫苗</p><p>接种新冠疫苗是预防控制新冠肺炎传播的最经济、最有效、最方便的措施，更是每一位公民应尽的责任和义务，当前我市新冠病毒疫苗加强免疫工作已开展，请完成两剂次接种，且第二剂接种时间满6个月的18岁及以上，和符合第一剂次、第二剂次接种条件的群众积极主动参与新冠病毒疫苗接种，携手共筑全民免疫屏障。</p><p>陇南市疾病预防控制中心</p><p>2021年12月6日</p><p>关于近期来州返州人员管控措施的通告</p><p>近期国内多地相继报告新增本土病例，给全州疫情防控工作带来风险和挑战。为进一步做好全州疫情防控工作，严格落实“外防输入、内防反弹”各项措施，有效控制和降低疫情输入风险，现就有关事项通告如下：</p><p>一、严格报备制度。请以下人员第一时间主动向所在社区（村）、单位或住宿宾馆报备，按要求配合落实核酸检测、健康监测等各项防控措施。</p><p>11月30日（含）以来途经上海市杨浦区；</p><p>11月29日（含）以来途经广东省广州市白云区；</p><p>11月28日（含）以来途经北京市海淀区、陕西省咸阳市；</p><p>11月26日（含）以来途经黑龙江省哈尔滨市南岗区、香坊区、道外区；</p><p>11月24日（含）以来途经内蒙古自治区通辽市科尔沁区;</p><p>11月24日（含）以来途经黑龙江省齐齐哈尔市讷河市；</p><p>11月22日（含）以来途经浙江省杭州市西湖区；</p><p>11月21日（含）以来途经江苏省徐州市铜山区、泉山区；</p><p>11月19日（含）以来途经河北省石家庄市鹿泉区；</p><p>11月17日（含）以来途经上海市黄浦区、青浦区、松江区；</p><p>11月15日（含）以来途经上海市浦东新区；</p><p>11月4日（含）以来途经内蒙古自治区呼伦贝尔市；</p><p>10月18日（含）以来途经云南省德宏州；</p><p>与已公布的阳性感染者活动轨迹有交集的人员；发现自己健康码转为红码或黄码人员。</p><p>二、关注疫情形势。持续关注疫情防控最新疫情动态，了解相关疫情防控措施。如非必要近期不要前往中高风险地区以及疫情发生地区，非必要不出省。从省外旅游、出差返州后，应向所在社区（村）、单位上报，并进行14天的自我健康监测。</p><p>三、做好健康监测。一旦出现发热、干咳、乏力、嗅觉味觉减退、鼻塞、流涕、咽痛、结膜炎、肌痛和腹泻等不适症状，请立即前往正规医院的发热门诊或定点医疗机构就诊，并如实报告个人旅居史，就诊途中应全程佩戴口罩，并尽量避免乘坐公共交通工具。要持续关注自己的甘肃省健康出行码和通信大数据行程卡，一旦发现健康码、行程卡变为“红码”或“黄码”，必须第一时间向所在社区(村)报告并配合落实相关防控措施。</p><p>四、做好日常防护。坚持戴口罩、勤洗手、常通风，咳嗽、打喷嚏时注意遮挡，做好家庭环境清洁和垃圾处理。避免前往室内密闭或不通风的场所，不聚集，不扎堆。到公共场所保持一米社交距离，主动配合测温、扫码等防疫措施。</p><p>甘南州新冠肺疫情联防联控</p><p><br></p>', '2021-04-29 17:47:16', 'admin', '洗手：接触血液、体液、排泄物、分泌物后可能污染时，脱手套后');
INSERT INTO `info` VALUES ('12', '疫情最新数据消息（12月5日0-24时 甘肃省无新增新冠肺炎确诊病例）', '<p>兰州晚报讯 据甘肃省卫生健康委通报，12月5日0-24时甘肃省新冠肺炎疫情信息公布如下：</p><p><strong>本地疫情：</strong></p><p>12月5日0-24时，无新增报告本土确诊病例、疑似病例、无症状感染者。</p><p><strong>境外输入疫情：</strong></p><p>12月5日0-24时，无新增境外输入确诊病例、疑似病例、无症状感染者。</p><p>兰州日报社全媒体记者 田小东</p><p>陇南市新冠疫情防控紧急提醒</p><p>近期，国内有11个省市有新发本土病例报告。12月5日0—24时，31个省（自治区、直辖市）和新疆生产建设兵团报告新增本土确诊病例38例，新增本土无症状感染者5例。为科学精准防控疫情，严防疫情输入，现对广大群众提出如下疫情防控建议：</p><p>管控措施</p><p>及时关注各地官方公布的新发病例轨迹，与之有时空交集者，以及有以下旅居史的来陇返陇人员，一定要第一时间主动向当地社区或居（村）委会、单位或入住酒店进行健康申报，并配合当地疫情防控指挥部的相关防控工作。</p><p><img src=\"http://dingyue.ws.126.net/2021/1207/3cd03751j00r3q1tn002ic000cb00gom.jpg\" alt=\"疫情最新数据消息（12月5日0-24时 甘肃省无新增新冠肺炎确诊病例）-第1张图片-创载网\">&nbsp;</p><p>&nbsp;</p><p><img src=\"http://dingyue.ws.126.net/2021/1207/3eeb1e58j00r3q1tn0050c000u000igm.jpg\" alt=\"疫情最新数据消息（12月5日0-24时 甘肃省无新增新冠肺炎确诊病例）-第2张图片-创载网\">&nbsp;</p><p>防控建议</p><p>关注疫情形势</p><p>及时关注国内疫情变化，如无必须，不要前往有疫情发生的地区。确需前往的，要提前向单位或社区报备，返回后要及时主动报告并配合落实核酸检测、隔离观察等防控措施。</p><p>做好个人防护</p><p>要继续时刻保持良好的个人防护意识，养成随身携带口罩，科学规范佩戴口罩（尤其是在乘坐公共交通工具和在公共场所活动时）、勤洗手、常通风、保持安全社交距离的卫生习惯。</p><p>做好自我健康监测</p><p>要密切观察个人健康状况，一旦出现发热、干咳、乏力、嗅觉味觉减退、鼻塞、流涕、咽痛、结膜炎、肌痛和腹泻等不适症状，请立即前往正规医院的发热门诊或定点医疗机构就诊，并如实告知个人旅居史，就诊途中应全程佩戴口罩，并尽量避免乘坐公共交通工具。</p><p>坚持“人物同防”</p><p>冬季气温低，新冠病毒存活时间更长。非必需不要从境外高风险地区邮购商品，谨慎邮购国内有本土疫情报告所在地区的商品，收发快递做好消毒和手卫生。</p><p>提倡接种疫苗</p><p>接种新冠疫苗是预防控制新冠肺炎传播的最经济、最有效、最方便的措施，更是每一位公民应尽的责任和义务，当前我市新冠病毒疫苗加强免疫工作已开展，请完成两剂次接种，且第二剂接种时间满6个月的18岁及以上，和符合第一剂次、第二剂次接种条件的群众积极主动参与新冠病毒疫苗接种，携手共筑全民免疫屏障。</p><p>陇南市疾病预防控制中心</p><p>2021年12月6日</p><p>关于近期来州返州人员管控措施的通告</p><p>近期国内多地相继报告新增本土病例，给全州疫情防控工作带来风险和挑战。为进一步做好全州疫情防控工作，严格落实“外防输入、内防反弹”各项措施，有效控制和降低疫情输入风险，现就有关事项通告如下：</p><p>一、严格报备制度。请以下人员第一时间主动向所在社区（村）、单位或住宿宾馆报备，按要求配合落实核酸检测、健康监测等各项防控措施。</p><p>11月30日（含）以来途经上海市杨浦区；</p><p>11月29日（含）以来途经广东省广州市白云区；</p><p>11月28日（含）以来途经北京市海淀区、陕西省咸阳市；</p><p>11月26日（含）以来途经黑龙江省哈尔滨市南岗区、香坊区、道外区；</p><p>11月24日（含）以来途经内蒙古自治区通辽市科尔沁区;</p><p>11月24日（含）以来途经黑龙江省齐齐哈尔市讷河市；</p><p>11月22日（含）以来途经浙江省杭州市西湖区；</p><p>11月21日（含）以来途经江苏省徐州市铜山区、泉山区；</p><p>11月19日（含）以来途经河北省石家庄市鹿泉区；</p><p>11月17日（含）以来途经上海市黄浦区、青浦区、松江区；</p><p>11月15日（含）以来途经上海市浦东新区；</p><p>11月4日（含）以来途经内蒙古自治区呼伦贝尔市；</p><p>10月18日（含）以来途经云南省德宏州；</p><p>与已公布的阳性感染者活动轨迹有交集的人员；发现自己健康码转为红码或黄码人员。</p><p>二、关注疫情形势。持续关注疫情防控最新疫情动态，了解相关疫情防控措施。如非必要近期不要前往中高风险地区以及疫情发生地区，非必要不出省。从省外旅游、出差返州后，应向所在社区（村）、单位上报，并进行14天的自我健康监测。</p><p>三、做好健康监测。一旦出现发热、干咳、乏力、嗅觉味觉减退、鼻塞、流涕、咽痛、结膜炎、肌痛和腹泻等不适症状，请立即前往正规医院的发热门诊或定点医疗机构就诊，并如实报告个人旅居史，就诊途中应全程佩戴口罩，并尽量避免乘坐公共交通工具。要持续关注自己的甘肃省健康出行码和通信大数据行程卡，一旦发现健康码、行程卡变为“红码”或“黄码”，必须第一时间向所在社区(村)报告并配合落实相关防控措施。</p><p>四、做好日常防护。坚持戴口罩、勤洗手、常通风，咳嗽、打喷嚏时注意遮挡，做好家庭环境清洁和垃圾处理。避免前往室内密闭或不通风的场所，不聚集，不扎堆。到公共场所保持一米社交距离，主动配合测温、扫码等防疫措施。</p><p>甘南州新冠肺疫情联防联控</p><p><br></p>', '2021-04-29 17:47:16', 'admin', '洗手：接触血液、体液、排泄物、分泌物后可能污染时，脱手套后');
INSERT INTO `info` VALUES ('13', '疫情最新数据消息（12月5日0-24时 甘肃省无新增新冠肺炎确诊病例）', '<p>兰州晚报讯 据甘肃省卫生健康委通报，12月5日0-24时甘肃省新冠肺炎疫情信息公布如下：</p><p><strong>本地疫情：</strong></p><p>12月5日0-24时，无新增报告本土确诊病例、疑似病例、无症状感染者。</p><p><strong>境外输入疫情：</strong></p><p>12月5日0-24时，无新增境外输入确诊病例、疑似病例、无症状感染者。</p><p>兰州日报社全媒体记者 田小东</p><p>陇南市新冠疫情防控紧急提醒</p><p>近期，国内有11个省市有新发本土病例报告。12月5日0—24时，31个省（自治区、直辖市）和新疆生产建设兵团报告新增本土确诊病例38例，新增本土无症状感染者5例。为科学精准防控疫情，严防疫情输入，现对广大群众提出如下疫情防控建议：</p><p>管控措施</p><p>及时关注各地官方公布的新发病例轨迹，与之有时空交集者，以及有以下旅居史的来陇返陇人员，一定要第一时间主动向当地社区或居（村）委会、单位或入住酒店进行健康申报，并配合当地疫情防控指挥部的相关防控工作。</p><p><img src=\"http://dingyue.ws.126.net/2021/1207/3cd03751j00r3q1tn002ic000cb00gom.jpg\" alt=\"疫情最新数据消息（12月5日0-24时 甘肃省无新增新冠肺炎确诊病例）-第1张图片-创载网\">&nbsp;</p><p>&nbsp;</p><p><img src=\"http://dingyue.ws.126.net/2021/1207/3eeb1e58j00r3q1tn0050c000u000igm.jpg\" alt=\"疫情最新数据消息（12月5日0-24时 甘肃省无新增新冠肺炎确诊病例）-第2张图片-创载网\">&nbsp;</p><p>防控建议</p><p>关注疫情形势</p><p>及时关注国内疫情变化，如无必须，不要前往有疫情发生的地区。确需前往的，要提前向单位或社区报备，返回后要及时主动报告并配合落实核酸检测、隔离观察等防控措施。</p><p>做好个人防护</p><p>要继续时刻保持良好的个人防护意识，养成随身携带口罩，科学规范佩戴口罩（尤其是在乘坐公共交通工具和在公共场所活动时）、勤洗手、常通风、保持安全社交距离的卫生习惯。</p><p>做好自我健康监测</p><p>要密切观察个人健康状况，一旦出现发热、干咳、乏力、嗅觉味觉减退、鼻塞、流涕、咽痛、结膜炎、肌痛和腹泻等不适症状，请立即前往正规医院的发热门诊或定点医疗机构就诊，并如实告知个人旅居史，就诊途中应全程佩戴口罩，并尽量避免乘坐公共交通工具。</p><p>坚持“人物同防”</p><p>冬季气温低，新冠病毒存活时间更长。非必需不要从境外高风险地区邮购商品，谨慎邮购国内有本土疫情报告所在地区的商品，收发快递做好消毒和手卫生。</p><p>提倡接种疫苗</p><p>接种新冠疫苗是预防控制新冠肺炎传播的最经济、最有效、最方便的措施，更是每一位公民应尽的责任和义务，当前我市新冠病毒疫苗加强免疫工作已开展，请完成两剂次接种，且第二剂接种时间满6个月的18岁及以上，和符合第一剂次、第二剂次接种条件的群众积极主动参与新冠病毒疫苗接种，携手共筑全民免疫屏障。</p><p>陇南市疾病预防控制中心</p><p>2021年12月6日</p><p>关于近期来州返州人员管控措施的通告</p><p>近期国内多地相继报告新增本土病例，给全州疫情防控工作带来风险和挑战。为进一步做好全州疫情防控工作，严格落实“外防输入、内防反弹”各项措施，有效控制和降低疫情输入风险，现就有关事项通告如下：</p><p>一、严格报备制度。请以下人员第一时间主动向所在社区（村）、单位或住宿宾馆报备，按要求配合落实核酸检测、健康监测等各项防控措施。</p><p>11月30日（含）以来途经上海市杨浦区；</p><p>11月29日（含）以来途经广东省广州市白云区；</p><p>11月28日（含）以来途经北京市海淀区、陕西省咸阳市；</p><p>11月26日（含）以来途经黑龙江省哈尔滨市南岗区、香坊区、道外区；</p><p>11月24日（含）以来途经内蒙古自治区通辽市科尔沁区;</p><p>11月24日（含）以来途经黑龙江省齐齐哈尔市讷河市；</p><p>11月22日（含）以来途经浙江省杭州市西湖区；</p><p>11月21日（含）以来途经江苏省徐州市铜山区、泉山区；</p><p>11月19日（含）以来途经河北省石家庄市鹿泉区；</p><p>11月17日（含）以来途经上海市黄浦区、青浦区、松江区；</p><p>11月15日（含）以来途经上海市浦东新区；</p><p>11月4日（含）以来途经内蒙古自治区呼伦贝尔市；</p><p>10月18日（含）以来途经云南省德宏州；</p><p>与已公布的阳性感染者活动轨迹有交集的人员；发现自己健康码转为红码或黄码人员。</p><p>二、关注疫情形势。持续关注疫情防控最新疫情动态，了解相关疫情防控措施。如非必要近期不要前往中高风险地区以及疫情发生地区，非必要不出省。从省外旅游、出差返州后，应向所在社区（村）、单位上报，并进行14天的自我健康监测。</p><p>三、做好健康监测。一旦出现发热、干咳、乏力、嗅觉味觉减退、鼻塞、流涕、咽痛、结膜炎、肌痛和腹泻等不适症状，请立即前往正规医院的发热门诊或定点医疗机构就诊，并如实报告个人旅居史，就诊途中应全程佩戴口罩，并尽量避免乘坐公共交通工具。要持续关注自己的甘肃省健康出行码和通信大数据行程卡，一旦发现健康码、行程卡变为“红码”或“黄码”，必须第一时间向所在社区(村)报告并配合落实相关防控措施。</p><p>四、做好日常防护。坚持戴口罩、勤洗手、常通风，咳嗽、打喷嚏时注意遮挡，做好家庭环境清洁和垃圾处理。避免前往室内密闭或不通风的场所，不聚集，不扎堆。到公共场所保持一米社交距离，主动配合测温、扫码等防疫措施。</p><p>甘南州新冠肺疫情联防联控</p><p><br></p>', '2021-04-29 17:47:16', 'admin', '洗手：接触血液、体液、排泄物、分泌物后可能污染时，脱手套后');

-- ----------------------------
-- Table structure for sys_captcha
-- ----------------------------
DROP TABLE IF EXISTS `sys_captcha`;
CREATE TABLE `sys_captcha` (
  `uuid` char(36) NOT NULL COMMENT 'uuid',
  `code` varchar(6) NOT NULL COMMENT '验证码',
  `expire_time` datetime DEFAULT NULL COMMENT '过期时间',
  PRIMARY KEY (`uuid`)
) ENGINE=InnoDB DEFAULT CHARSET=utf8mb4 COMMENT='系统验证码';

-- ----------------------------
-- Records of sys_captcha
-- ----------------------------
INSERT INTO `sys_captcha` VALUES ('05ceb47f-bc71-4e49-890b-b2cd85b5405a', 'fam25', '2021-12-07 22:33:15');
INSERT INTO `sys_captcha` VALUES ('13893183-5780-460f-827e-902ebba7703c', 'ec5cp', '2021-12-07 19:58:13');
INSERT INTO `sys_captcha` VALUES ('13f3641a-ed7b-45ea-8965-56602629d06d', 'pxxnn', '2021-12-07 20:05:11');
INSERT INTO `sys_captcha` VALUES ('25505f86-38ef-4d4a-8069-21bbc12492ff', 'yw23c', '2021-12-07 20:54:50');
INSERT INTO `sys_captcha` VALUES ('27ad7b5e-e223-4231-8ffa-1cdd866697aa', 'a3m2a', '2021-12-07 23:15:00');
INSERT INTO `sys_captcha` VALUES ('884a108e-4418-487c-8a0a-1d92b0411f20', 'gxnan', '2021-12-07 22:45:20');
INSERT INTO `sys_captcha` VALUES ('8cbfb232-69d9-4007-8bf6-19b935eacd2e', 'xfne5', '2021-12-07 20:07:34');
INSERT INTO `sys_captcha` VALUES ('9026cdb1-fa4f-4cde-82ba-0fce255c317e', 'pyfey', '2021-12-07 20:04:28');
INSERT INTO `sys_captcha` VALUES ('9d994e5b-2c38-457c-8e17-b3a0bd024111', '3x5cp', '2021-04-28 21:43:21');
INSERT INTO `sys_captcha` VALUES ('a57203a1-d902-42dc-8a38-7a9ac46486ca', 'pcnpx', '2021-12-07 19:58:03');
INSERT INTO `sys_captcha` VALUES ('a85fd2bf-05a7-4025-8b75-c828a73e50b3', 'fcfx6', '2021-12-07 22:45:20');
INSERT INTO `sys_captcha` VALUES ('db0d77eb-91d2-4e41-81a3-ed04b4ca4a09', 'emp28', '2021-12-07 23:17:55');
INSERT INTO `sys_captcha` VALUES ('e51f182f-de41-4438-8472-da750ff57581', '4ecam', '2021-12-07 21:50:28');
INSERT INTO `sys_captcha` VALUES ('ebd333ad-759f-4c16-80db-4b71faa41d35', '2wn3c', '2021-04-30 16:57:53');

-- ----------------------------
-- Table structure for sys_config
-- ----------------------------
DROP TABLE IF EXISTS `sys_config`;
CREATE TABLE `sys_config` (
  `id` bigint(20) NOT NULL AUTO_INCREMENT,
  `param_key` varchar(50) DEFAULT NULL COMMENT 'key',
  `param_value` varchar(2000) DEFAULT NULL COMMENT 'value',
  `status` tinyint(4) DEFAULT '1' COMMENT '状态   0：隐藏   1：显示',
  `remark` varchar(500) DEFAULT NULL COMMENT '备注',
  PRIMARY KEY (`id`),
  UNIQUE KEY `param_key` (`param_key`)
) ENGINE=InnoDB AUTO_INCREMENT=2 DEFAULT CHARSET=utf8mb4 COMMENT='系统配置信息表';

-- ----------------------------
-- Records of sys_config
-- ----------------------------
INSERT INTO `sys_config` VALUES ('1', 'CLOUD_STORAGE_CONFIG_KEY', '{\"aliyunAccessKeyId\":\"\",\"aliyunAccessKeySecret\":\"\",\"aliyunBucketName\":\"\",\"aliyunDomain\":\"\",\"aliyunEndPoint\":\"\",\"aliyunPrefix\":\"\",\"qcloudBucketName\":\"\",\"qcloudDomain\":\"\",\"qcloudPrefix\":\"\",\"qcloudSecretId\":\"\",\"qcloudSecretKey\":\"\",\"qiniuAccessKey\":\"NrgMfABZxWLo5B-YYSjoE8-AZ1EISdi1Z3ubLOeZ\",\"qiniuBucketName\":\"ios-app\",\"qiniuDomain\":\"http://7xqbwh.dl1.z0.glb.clouddn.com\",\"qiniuPrefix\":\"upload\",\"qiniuSecretKey\":\"uIwJHevMRWU0VLxFvgy0tAcOdGqasdtVlJkdy6vV\",\"type\":1}', '0', '云存储配置信息');

-- ----------------------------
-- Table structure for sys_log
-- ----------------------------
DROP TABLE IF EXISTS `sys_log`;
CREATE TABLE `sys_log` (
  `id` bigint(20) NOT NULL AUTO_INCREMENT,
  `username` varchar(50) DEFAULT NULL COMMENT '用户名',
  `operation` varchar(50) DEFAULT NULL COMMENT '用户操作',
  `method` varchar(200) DEFAULT NULL COMMENT '请求方法',
  `params` varchar(5000) DEFAULT NULL COMMENT '请求参数',
  `time` bigint(20) NOT NULL COMMENT '执行时长(毫秒)',
  `ip` varchar(64) DEFAULT NULL COMMENT 'IP地址',
  `create_date` datetime DEFAULT NULL COMMENT '创建时间',
  PRIMARY KEY (`id`)
) ENGINE=InnoDB AUTO_INCREMENT=44 DEFAULT CHARSET=utf8mb4 COMMENT='系统日志';

-- ----------------------------
-- Records of sys_log
-- ----------------------------
INSERT INTO `sys_log` VALUES ('1', 'admin', '保存菜单', 'io.renren.modules.sys.controller.SysMenuController.save()', '[{\"menuId\":31,\"parentId\":0,\"name\":\"历史行程管理\",\"url\":\"\",\"perms\":\"\",\"type\":0,\"icon\":\"\",\"orderNum\":10}]', '8', '0:0:0:0:0:0:0:1', '2021-04-27 13:32:19');
INSERT INTO `sys_log` VALUES ('2', 'admin', '保存菜单', 'io.renren.modules.sys.controller.SysMenuController.save()', '[{\"menuId\":32,\"parentId\":0,\"name\":\"每日登记管理\",\"url\":\"\",\"perms\":\"\",\"type\":0,\"icon\":\"\",\"orderNum\":12}]', '8', '0:0:0:0:0:0:0:1', '2021-04-27 13:32:59');
INSERT INTO `sys_log` VALUES ('3', 'admin', '保存菜单', 'io.renren.modules.sys.controller.SysMenuController.save()', '[{\"menuId\":33,\"parentId\":0,\"name\":\"复工管理\",\"url\":\"\",\"perms\":\"\",\"type\":0,\"icon\":\"\",\"orderNum\":13}]', '9', '0:0:0:0:0:0:0:1', '2021-04-27 13:33:39');
INSERT INTO `sys_log` VALUES ('4', 'admin', '保存菜单', 'io.renren.modules.sys.controller.SysMenuController.save()', '[{\"menuId\":34,\"parentId\":0,\"name\":\"通知公告\",\"url\":\"\",\"perms\":\"\",\"type\":0,\"icon\":\"\",\"orderNum\":14}]', '5', '0:0:0:0:0:0:0:1', '2021-04-27 13:34:53');
INSERT INTO `sys_log` VALUES ('5', 'admin', '修改菜单', 'io.renren.modules.sys.controller.SysMenuController.update()', '[{\"menuId\":33,\"parentId\":0,\"name\":\"复工申请管理\",\"url\":\"\",\"perms\":\"\",\"type\":0,\"icon\":\"\",\"orderNum\":13}]', '11', '0:0:0:0:0:0:0:1', '2021-04-27 13:35:15');
INSERT INTO `sys_log` VALUES ('6', 'admin', '保存菜单', 'io.renren.modules.sys.controller.SysMenuController.save()', '[{\"menuId\":35,\"parentId\":0,\"name\":\"复工审核管理\",\"url\":\"\",\"perms\":\"\",\"type\":0,\"icon\":\"\",\"orderNum\":13}]', '7', '0:0:0:0:0:0:0:1', '2021-04-27 13:35:42');
INSERT INTO `sys_log` VALUES ('7', 'admin', '修改菜单', 'io.renren.modules.sys.controller.SysMenuController.update()', '[{\"menuId\":34,\"parentId\":0,\"name\":\"通知公告管理\",\"url\":\"\",\"perms\":\"\",\"type\":0,\"icon\":\"\",\"orderNum\":14}]', '8', '0:0:0:0:0:0:0:1', '2021-04-27 13:35:58');
INSERT INTO `sys_log` VALUES ('8', 'admin', '保存菜单', 'io.renren.modules.sys.controller.SysMenuController.save()', '[{\"menuId\":36,\"parentId\":0,\"name\":\"实时疫情状态\",\"url\":\"\",\"perms\":\"\",\"type\":0,\"icon\":\"\",\"orderNum\":16}]', '7', '0:0:0:0:0:0:0:1', '2021-04-27 13:36:45');
INSERT INTO `sys_log` VALUES ('9', 'admin', '保存菜单', 'io.renren.modules.sys.controller.SysMenuController.save()', '[{\"menuId\":37,\"parentId\":36,\"name\":\"实时疫情状态\",\"url\":\"s\",\"perms\":\"s\",\"type\":1,\"icon\":\"\",\"orderNum\":0}]', '7', '0:0:0:0:0:0:0:1', '2021-04-27 13:37:23');
INSERT INTO `sys_log` VALUES ('10', 'admin', '保存菜单', 'io.renren.modules.sys.controller.SysMenuController.save()', '[{\"menuId\":38,\"parentId\":31,\"name\":\"历史出行数据管理\",\"url\":\"s\",\"perms\":\"s\",\"type\":1,\"icon\":\"\",\"orderNum\":0}]', '8', '0:0:0:0:0:0:0:1', '2021-04-27 13:42:33');
INSERT INTO `sys_log` VALUES ('11', 'admin', '保存角色', 'io.renren.modules.sys.controller.SysRoleController.save()', '[{\"roleId\":1,\"roleName\":\"test\",\"remark\":\"test\",\"createUserId\":1,\"menuIdList\":[31,38,32,33,34,35,36,37,-666666],\"createTime\":\"Apr 27, 2021 1:47:29 PM\"}]', '70', '0:0:0:0:0:0:0:1', '2021-04-27 13:47:29');
INSERT INTO `sys_log` VALUES ('12', 'admin', '保存菜单', 'io.renren.modules.sys.controller.SysMenuController.save()', '[{\"menuId\":39,\"parentId\":32,\"name\":\"每日健康打卡\",\"url\":\"s\",\"perms\":\"s\",\"type\":1,\"icon\":\"\",\"orderNum\":0}]', '7', '0:0:0:0:0:0:0:1', '2021-04-27 13:54:30');
INSERT INTO `sys_log` VALUES ('13', 'admin', '保存菜单', 'io.renren.modules.sys.controller.SysMenuController.save()', '[{\"menuId\":40,\"parentId\":32,\"name\":\"外出报备管理\",\"url\":\"s\",\"perms\":\"\",\"type\":1,\"icon\":\"\",\"orderNum\":0}]', '8', '0:0:0:0:0:0:0:1', '2021-04-27 13:54:49');
INSERT INTO `sys_log` VALUES ('14', 'admin', '保存菜单', 'io.renren.modules.sys.controller.SysMenuController.save()', '[{\"menuId\":41,\"parentId\":33,\"name\":\"填写复工申请\",\"url\":\"s\",\"perms\":\"\",\"type\":1,\"icon\":\"\",\"orderNum\":0}]', '9', '0:0:0:0:0:0:0:1', '2021-04-27 13:55:14');
INSERT INTO `sys_log` VALUES ('15', 'admin', '修改菜单', 'io.renren.modules.sys.controller.SysMenuController.update()', '[{\"menuId\":35,\"parentId\":0,\"name\":\"审核信息管理\",\"url\":\"\",\"perms\":\"\",\"type\":0,\"icon\":\"\",\"orderNum\":13}]', '9', '0:0:0:0:0:0:0:1', '2021-04-27 13:55:48');
INSERT INTO `sys_log` VALUES ('16', 'admin', '保存菜单', 'io.renren.modules.sys.controller.SysMenuController.save()', '[{\"menuId\":42,\"parentId\":34,\"name\":\"通知公告信息\",\"url\":\"s\",\"perms\":\"\",\"type\":1,\"icon\":\"\",\"orderNum\":0}]', '9', '0:0:0:0:0:0:0:1', '2021-04-27 13:56:16');
INSERT INTO `sys_log` VALUES ('17', 'admin', '保存菜单', 'io.renren.modules.sys.controller.SysMenuController.save()', '[{\"menuId\":43,\"parentId\":35,\"name\":\"外出报备审核\",\"url\":\"fy/goOutAudit\",\"perms\":\"\",\"type\":1,\"icon\":\"\",\"orderNum\":0}]', '9', '0:0:0:0:0:0:0:1', '2021-04-30 14:23:29');
INSERT INTO `sys_log` VALUES ('18', 'admin', '修改菜单', 'io.renren.modules.sys.controller.SysMenuController.update()', '[{\"menuId\":31,\"parentId\":0,\"name\":\"历史行程管理\",\"url\":\"\",\"perms\":\"\",\"type\":0,\"icon\":\"zhedie\",\"orderNum\":10}]', '12', '0:0:0:0:0:0:0:1', '2021-04-30 14:35:30');
INSERT INTO `sys_log` VALUES ('19', 'admin', '修改菜单', 'io.renren.modules.sys.controller.SysMenuController.update()', '[{\"menuId\":36,\"parentId\":0,\"name\":\"实时疫情状态\",\"url\":\"\",\"perms\":\"\",\"type\":0,\"icon\":\"dangdifill\",\"orderNum\":16}]', '15', '0:0:0:0:0:0:0:1', '2021-04-30 14:37:36');
INSERT INTO `sys_log` VALUES ('20', 'admin', '修改菜单', 'io.renren.modules.sys.controller.SysMenuController.update()', '[{\"menuId\":35,\"parentId\":0,\"name\":\"审核信息管理\",\"url\":\"\",\"perms\":\"\",\"type\":0,\"icon\":\"role\",\"orderNum\":13}]', '10', '0:0:0:0:0:0:0:1', '2021-04-30 14:37:45');
INSERT INTO `sys_log` VALUES ('21', 'admin', '修改菜单', 'io.renren.modules.sys.controller.SysMenuController.update()', '[{\"menuId\":34,\"parentId\":0,\"name\":\"通知公告管理\",\"url\":\"\",\"perms\":\"\",\"type\":0,\"icon\":\"pinglun\",\"orderNum\":14}]', '7', '0:0:0:0:0:0:0:1', '2021-04-30 14:37:52');
INSERT INTO `sys_log` VALUES ('22', 'admin', '修改菜单', 'io.renren.modules.sys.controller.SysMenuController.update()', '[{\"menuId\":33,\"parentId\":0,\"name\":\"复工申请管理\",\"url\":\"\",\"perms\":\"\",\"type\":0,\"icon\":\"tubiao\",\"orderNum\":13}]', '11', '0:0:0:0:0:0:0:1', '2021-04-30 14:38:01');
INSERT INTO `sys_log` VALUES ('23', 'admin', '修改菜单', 'io.renren.modules.sys.controller.SysMenuController.update()', '[{\"menuId\":32,\"parentId\":0,\"name\":\"每日登记管理\",\"url\":\"\",\"perms\":\"\",\"type\":0,\"icon\":\"pinglun\",\"orderNum\":12}]', '11', '0:0:0:0:0:0:0:1', '2021-04-30 14:38:17');
INSERT INTO `sys_log` VALUES ('24', 'admin', '修改菜单', 'io.renren.modules.sys.controller.SysMenuController.update()', '[{\"menuId\":31,\"parentId\":0,\"name\":\"历史行程管理\",\"url\":\"\",\"perms\":\"\",\"type\":0,\"icon\":\"zonghe\",\"orderNum\":10}]', '9', '0:0:0:0:0:0:0:1', '2021-04-30 14:38:31');
INSERT INTO `sys_log` VALUES ('25', 'admin', '修改菜单', 'io.renren.modules.sys.controller.SysMenuController.update()', '[{\"menuId\":36,\"parentId\":0,\"name\":\"实时疫情状态\",\"url\":\"\",\"perms\":\"\",\"type\":0,\"icon\":\"dangdifill\",\"orderNum\":0}]', '7', '0:0:0:0:0:0:0:1', '2021-04-30 14:38:48');
INSERT INTO `sys_log` VALUES ('26', 'admin', '保存用户', 'io.renren.modules.sys.controller.SysUserController.save()', '[{\"userId\":2,\"username\":\"test\",\"password\":\"1a27eb24f0611786af5ef7a433fa9062995ec14bb8063e1079667d94884d6580\",\"salt\":\"g2Kel04s8IoJbCuF68O4\",\"email\":\"12@163.com\",\"mobile\":\"13222222222\",\"status\":1,\"roleIdList\":[],\"createUserId\":1,\"createTime\":\"Dec 7, 2021 7:56:23 PM\"}]', '118', '0:0:0:0:0:0:0:1', '2021-12-07 19:56:24');
INSERT INTO `sys_log` VALUES ('27', 'admin', '修改角色', 'io.renren.modules.sys.controller.SysRoleController.update()', '[{\"roleId\":1,\"roleName\":\"test\",\"remark\":\"test\",\"createUserId\":1,\"menuIdList\":[31,38,32,39,40,33,41,34,42,35,43,44,36,37,-666666]}]', '34', '0:0:0:0:0:0:0:1', '2021-12-07 19:56:32');
INSERT INTO `sys_log` VALUES ('28', 'admin', '修改用户', 'io.renren.modules.sys.controller.SysUserController.update()', '[{\"userId\":2,\"username\":\"test\",\"salt\":\"g2Kel04s8IoJbCuF68O4\",\"email\":\"12@163.com\",\"mobile\":\"13222222222\",\"status\":1,\"roleIdList\":[1],\"createUserId\":1}]', '14', '0:0:0:0:0:0:0:1', '2021-12-07 19:56:38');
INSERT INTO `sys_log` VALUES ('29', 'admin', '保存菜单', 'io.renren.modules.sys.controller.SysMenuController.save()', '[{\"menuId\":45,\"parentId\":42,\"name\":\"添加\",\"url\":\"\",\"perms\":\"sys:info:save\",\"type\":2,\"icon\":\"\",\"orderNum\":0}]', '6', '0:0:0:0:0:0:0:1', '2021-12-07 20:29:12');
INSERT INTO `sys_log` VALUES ('30', 'admin', '保存菜单', 'io.renren.modules.sys.controller.SysMenuController.save()', '[{\"menuId\":46,\"parentId\":42,\"name\":\"修改\",\"url\":\"\",\"perms\":\"sys:info:update\",\"type\":2,\"icon\":\"\",\"orderNum\":0}]', '5', '0:0:0:0:0:0:0:1', '2021-12-07 20:29:24');
INSERT INTO `sys_log` VALUES ('31', 'admin', '保存菜单', 'io.renren.modules.sys.controller.SysMenuController.save()', '[{\"menuId\":47,\"parentId\":42,\"name\":\"删除\",\"url\":\"\",\"perms\":\"sys:info:delete\",\"type\":2,\"icon\":\"\",\"orderNum\":0}]', '5', '0:0:0:0:0:0:0:1', '2021-12-07 20:29:38');
INSERT INTO `sys_log` VALUES ('32', 'admin', '保存菜单', 'io.renren.modules.sys.controller.SysMenuController.save()', '[{\"menuId\":48,\"parentId\":0,\"name\":\"疫情资料管理\",\"url\":\"sys\",\"perms\":\"s\",\"type\":1,\"icon\":\"menu\",\"orderNum\":0}]', '6', '0:0:0:0:0:0:0:1', '2021-12-07 21:28:24');
INSERT INTO `sys_log` VALUES ('33', 'admin', '保存菜单', 'io.renren.modules.sys.controller.SysMenuController.save()', '[{\"menuId\":49,\"parentId\":48,\"name\":\"上传附件\",\"url\":\"\",\"perms\":\"uFile/uploadFile\",\"type\":2,\"icon\":\"\",\"orderNum\":0}]', '11', '0:0:0:0:0:0:0:1', '2021-12-07 21:51:40');
INSERT INTO `sys_log` VALUES ('34', 'admin', '修改菜单', 'io.renren.modules.sys.controller.SysMenuController.update()', '[{\"menuId\":49,\"parentId\":48,\"name\":\"上传附件\",\"url\":\"\",\"perms\":\"uFile:uploadFile\",\"type\":2,\"icon\":\"\",\"orderNum\":0}]', '9', '0:0:0:0:0:0:0:1', '2021-12-07 21:52:26');
INSERT INTO `sys_log` VALUES ('35', 'admin', '保存菜单', 'io.renren.modules.sys.controller.SysMenuController.save()', '[{\"menuId\":50,\"parentId\":48,\"name\":\"删除\",\"url\":\"\",\"perms\":\"sys:file:delete\",\"type\":2,\"icon\":\"\",\"orderNum\":0}]', '6', '0:0:0:0:0:0:0:1', '2021-12-07 21:55:49');
INSERT INTO `sys_log` VALUES ('36', 'admin', '修改角色', 'io.renren.modules.sys.controller.SysRoleController.update()', '[{\"roleId\":1,\"roleName\":\"普通用户\",\"remark\":\"普通用户\",\"createUserId\":1,\"menuIdList\":[31,38,32,39,40,33,41,34,42,45,46,47,35,43,44,36,37,48,49,50,-666666]}]', '85', '0:0:0:0:0:0:0:1', '2021-12-07 22:48:44');
INSERT INTO `sys_log` VALUES ('37', 'admin', '保存角色', 'io.renren.modules.sys.controller.SysRoleController.save()', '[{\"roleId\":2,\"roleName\":\"系统管理员\",\"remark\":\"系统管理员\",\"createUserId\":1,\"menuIdList\":[1,2,15,16,17,18,3,19,20,21,22,4,23,24,25,26,31,38,32,39,40,33,41,34,42,45,46,47,35,43,44,36,37,48,49,50,-666666],\"createTime\":\"Dec 7, 2021 10:49:02 PM\"}]', '41', '0:0:0:0:0:0:0:1', '2021-12-07 22:49:03');
INSERT INTO `sys_log` VALUES ('38', 'admin', '修改菜单', 'io.renren.modules.sys.controller.SysMenuController.update()', '[{\"menuId\":37,\"parentId\":0,\"name\":\"实时疫情状态\",\"url\":\"demo/echarts\",\"perms\":\"s\",\"type\":1,\"icon\":\"daohang\",\"orderNum\":0}]', '9', '0:0:0:0:0:0:0:1', '2021-12-07 22:59:24');
INSERT INTO `sys_log` VALUES ('39', 'admin', '删除菜单', 'io.renren.modules.sys.controller.SysMenuController.delete()', '[36]', '15', '0:0:0:0:0:0:0:1', '2021-12-07 22:59:41');
INSERT INTO `sys_log` VALUES ('40', 'admin', '修改菜单', 'io.renren.modules.sys.controller.SysMenuController.update()', '[{\"menuId\":38,\"parentId\":0,\"name\":\"历史出行数据管理\",\"url\":\"fy/thm\",\"perms\":\"\",\"type\":1,\"icon\":\"daohang\",\"orderNum\":0}]', '7', '0:0:0:0:0:0:0:1', '2021-12-07 23:00:01');
INSERT INTO `sys_log` VALUES ('41', 'admin', '删除菜单', 'io.renren.modules.sys.controller.SysMenuController.delete()', '[31]', '0', '0:0:0:0:0:0:0:1', '2021-12-07 23:00:10');
INSERT INTO `sys_log` VALUES ('42', 'admin', '修改菜单', 'io.renren.modules.sys.controller.SysMenuController.update()', '[{\"menuId\":42,\"parentId\":0,\"name\":\"疫情公告信息\",\"url\":\"fy/inform\",\"perms\":\"\",\"type\":1,\"icon\":\"daohang\",\"orderNum\":0}]', '7', '0:0:0:0:0:0:0:1', '2021-12-07 23:01:04');
INSERT INTO `sys_log` VALUES ('43', 'admin', '删除菜单', 'io.renren.modules.sys.controller.SysMenuController.delete()', '[34]', '11', '0:0:0:0:0:0:0:1', '2021-12-07 23:01:09');

-- ----------------------------
-- Table structure for sys_menu
-- ----------------------------
DROP TABLE IF EXISTS `sys_menu`;
CREATE TABLE `sys_menu` (
  `menu_id` bigint(20) NOT NULL AUTO_INCREMENT,
  `parent_id` bigint(20) DEFAULT NULL COMMENT '父菜单ID，一级菜单为0',
  `name` varchar(50) DEFAULT NULL COMMENT '菜单名称',
  `url` varchar(200) DEFAULT NULL COMMENT '菜单URL',
  `perms` varchar(500) DEFAULT NULL COMMENT '授权(多个用逗号分隔，如：user:list,user:create)',
  `type` int(11) DEFAULT NULL COMMENT '类型   0：目录   1：菜单   2：按钮',
  `icon` varchar(50) DEFAULT NULL COMMENT '菜单图标',
  `order_num` int(11) DEFAULT NULL COMMENT '排序',
  PRIMARY KEY (`menu_id`)
) ENGINE=InnoDB AUTO_INCREMENT=51 DEFAULT CHARSET=utf8mb4 COMMENT='菜单管理';

-- ----------------------------
-- Records of sys_menu
-- ----------------------------
INSERT INTO `sys_menu` VALUES ('1', '0', '系统管理', null, null, '0', 'system', '0');
INSERT INTO `sys_menu` VALUES ('2', '1', '管理员列表', 'sys/user', null, '1', 'admin', '1');
INSERT INTO `sys_menu` VALUES ('3', '1', '角色管理', 'sys/role', null, '1', 'role', '2');
INSERT INTO `sys_menu` VALUES ('4', '1', '菜单管理', 'sys/menu', null, '1', 'menu', '3');
INSERT INTO `sys_menu` VALUES ('15', '2', '查看', null, 'sys:user:list,sys:user:info', '2', null, '0');
INSERT INTO `sys_menu` VALUES ('16', '2', '新增', null, 'sys:user:save,sys:role:select', '2', null, '0');
INSERT INTO `sys_menu` VALUES ('17', '2', '修改', null, 'sys:user:update,sys:role:select', '2', null, '0');
INSERT INTO `sys_menu` VALUES ('18', '2', '删除', null, 'sys:user:delete', '2', null, '0');
INSERT INTO `sys_menu` VALUES ('19', '3', '查看', null, 'sys:role:list,sys:role:info', '2', null, '0');
INSERT INTO `sys_menu` VALUES ('20', '3', '新增', null, 'sys:role:save,sys:menu:list', '2', null, '0');
INSERT INTO `sys_menu` VALUES ('21', '3', '修改', null, 'sys:role:update,sys:menu:list', '2', null, '0');
INSERT INTO `sys_menu` VALUES ('22', '3', '删除', null, 'sys:role:delete', '2', null, '0');
INSERT INTO `sys_menu` VALUES ('23', '4', '查看', null, 'sys:menu:list,sys:menu:info', '2', null, '0');
INSERT INTO `sys_menu` VALUES ('24', '4', '新增', null, 'sys:menu:save,sys:menu:select', '2', null, '0');
INSERT INTO `sys_menu` VALUES ('25', '4', '修改', null, 'sys:menu:update,sys:menu:select', '2', null, '0');
INSERT INTO `sys_menu` VALUES ('26', '4', '删除', null, 'sys:menu:delete', '2', null, '0');
INSERT INTO `sys_menu` VALUES ('32', '0', '每日登记管理', '', '', '0', 'pinglun', '12');
INSERT INTO `sys_menu` VALUES ('33', '0', '复工申请管理', '', '', '0', 'tubiao', '13');
INSERT INTO `sys_menu` VALUES ('35', '0', '审核信息管理', '', '', '0', 'role', '13');
INSERT INTO `sys_menu` VALUES ('37', '0', '实时疫情状态', 'demo/echarts', 's', '1', 'daohang', '0');
INSERT INTO `sys_menu` VALUES ('38', '0', '历史出行数据管理', 'fy/thm', '', '1', 'daohang', '0');
INSERT INTO `sys_menu` VALUES ('39', '32', '每日健康打卡', 'fy/clock', 's', '1', 'daohang', '0');
INSERT INTO `sys_menu` VALUES ('40', '32', '外出报备管理', 'fy/goOut', 's', '1', 'daohang', '0');
INSERT INTO `sys_menu` VALUES ('41', '33', '填写复工申请', 'fy/toworkApply', '', '1', 'daohang', '0');
INSERT INTO `sys_menu` VALUES ('42', '0', '疫情公告信息', 'fy/inform', '', '1', 'daohang', '15');
INSERT INTO `sys_menu` VALUES ('43', '35', '外出报备审核', 'fy/goOutAudit', '', '1', 'daohang', '0');
INSERT INTO `sys_menu` VALUES ('44', '35', '复工申请审核', 'fy/toworkApplyAudit', null, '1', 'daohang', '2');
INSERT INTO `sys_menu` VALUES ('45', '42', '添加', '', 'sys:info:save', '2', '', '0');
INSERT INTO `sys_menu` VALUES ('46', '42', '修改', '', 'sys:info:update', '2', '', '0');
INSERT INTO `sys_menu` VALUES ('47', '42', '删除', '', 'sys:info:delete', '2', '', '0');
INSERT INTO `sys_menu` VALUES ('48', '0', '疫情资料管理', 'fy/file', 'sys:file:list', '1', 'menu', '16');
INSERT INTO `sys_menu` VALUES ('49', '48', '上传附件', '', 'uFile:uploadFile', '2', '', '0');
INSERT INTO `sys_menu` VALUES ('50', '48', '删除', '', 'sys:file:delete', '2', '', '0');

-- ----------------------------
-- Table structure for sys_oss
-- ----------------------------
DROP TABLE IF EXISTS `sys_oss`;
CREATE TABLE `sys_oss` (
  `id` bigint(20) NOT NULL AUTO_INCREMENT,
  `url` varchar(200) DEFAULT NULL COMMENT 'URL地址',
  `create_date` datetime DEFAULT NULL COMMENT '创建时间',
  PRIMARY KEY (`id`)
) ENGINE=InnoDB DEFAULT CHARSET=utf8mb4 COMMENT='文件上传';

-- ----------------------------
-- Records of sys_oss
-- ----------------------------

-- ----------------------------
-- Table structure for sys_role
-- ----------------------------
DROP TABLE IF EXISTS `sys_role`;
CREATE TABLE `sys_role` (
  `role_id` bigint(20) NOT NULL AUTO_INCREMENT,
  `role_name` varchar(100) DEFAULT NULL COMMENT '角色名称',
  `remark` varchar(100) DEFAULT NULL COMMENT '备注',
  `create_user_id` bigint(20) DEFAULT NULL COMMENT '创建者ID',
  `create_time` datetime DEFAULT NULL COMMENT '创建时间',
  PRIMARY KEY (`role_id`)
) ENGINE=InnoDB AUTO_INCREMENT=3 DEFAULT CHARSET=utf8mb4 COMMENT='角色';

-- ----------------------------
-- Records of sys_role
-- ----------------------------
INSERT INTO `sys_role` VALUES ('1', '普通用户', '普通用户', '1', '2021-04-27 13:47:29');
INSERT INTO `sys_role` VALUES ('2', '系统管理员', '系统管理员', '1', '2021-12-07 22:49:03');

-- ----------------------------
-- Table structure for sys_role_menu
-- ----------------------------
DROP TABLE IF EXISTS `sys_role_menu`;
CREATE TABLE `sys_role_menu` (
  `id` bigint(20) NOT NULL AUTO_INCREMENT,
  `role_id` bigint(20) DEFAULT NULL COMMENT '角色ID',
  `menu_id` bigint(20) DEFAULT NULL COMMENT '菜单ID',
  PRIMARY KEY (`id`)
) ENGINE=InnoDB AUTO_INCREMENT=83 DEFAULT CHARSET=utf8mb4 COMMENT='角色与菜单对应关系';

-- ----------------------------
-- Records of sys_role_menu
-- ----------------------------
INSERT INTO `sys_role_menu` VALUES ('25', '1', '31');
INSERT INTO `sys_role_menu` VALUES ('26', '1', '38');
INSERT INTO `sys_role_menu` VALUES ('27', '1', '32');
INSERT INTO `sys_role_menu` VALUES ('28', '1', '39');
INSERT INTO `sys_role_menu` VALUES ('29', '1', '40');
INSERT INTO `sys_role_menu` VALUES ('30', '1', '33');
INSERT INTO `sys_role_menu` VALUES ('31', '1', '41');
INSERT INTO `sys_role_menu` VALUES ('33', '1', '42');
INSERT INTO `sys_role_menu` VALUES ('34', '1', '45');
INSERT INTO `sys_role_menu` VALUES ('35', '1', '46');
INSERT INTO `sys_role_menu` VALUES ('36', '1', '47');
INSERT INTO `sys_role_menu` VALUES ('37', '1', '35');
INSERT INTO `sys_role_menu` VALUES ('38', '1', '43');
INSERT INTO `sys_role_menu` VALUES ('39', '1', '44');
INSERT INTO `sys_role_menu` VALUES ('41', '1', '37');
INSERT INTO `sys_role_menu` VALUES ('42', '1', '48');
INSERT INTO `sys_role_menu` VALUES ('43', '1', '49');
INSERT INTO `sys_role_menu` VALUES ('44', '1', '50');
INSERT INTO `sys_role_menu` VALUES ('45', '1', '-666666');
INSERT INTO `sys_role_menu` VALUES ('46', '2', '1');
INSERT INTO `sys_role_menu` VALUES ('47', '2', '2');
INSERT INTO `sys_role_menu` VALUES ('48', '2', '15');
INSERT INTO `sys_role_menu` VALUES ('49', '2', '16');
INSERT INTO `sys_role_menu` VALUES ('50', '2', '17');
INSERT INTO `sys_role_menu` VALUES ('51', '2', '18');
INSERT INTO `sys_role_menu` VALUES ('52', '2', '3');
INSERT INTO `sys_role_menu` VALUES ('53', '2', '19');
INSERT INTO `sys_role_menu` VALUES ('54', '2', '20');
INSERT INTO `sys_role_menu` VALUES ('55', '2', '21');
INSERT INTO `sys_role_menu` VALUES ('56', '2', '22');
INSERT INTO `sys_role_menu` VALUES ('57', '2', '4');
INSERT INTO `sys_role_menu` VALUES ('58', '2', '23');
INSERT INTO `sys_role_menu` VALUES ('59', '2', '24');
INSERT INTO `sys_role_menu` VALUES ('60', '2', '25');
INSERT INTO `sys_role_menu` VALUES ('61', '2', '26');
INSERT INTO `sys_role_menu` VALUES ('62', '2', '31');
INSERT INTO `sys_role_menu` VALUES ('63', '2', '38');
INSERT INTO `sys_role_menu` VALUES ('64', '2', '32');
INSERT INTO `sys_role_menu` VALUES ('65', '2', '39');
INSERT INTO `sys_role_menu` VALUES ('66', '2', '40');
INSERT INTO `sys_role_menu` VALUES ('67', '2', '33');
INSERT INTO `sys_role_menu` VALUES ('68', '2', '41');
INSERT INTO `sys_role_menu` VALUES ('70', '2', '42');
INSERT INTO `sys_role_menu` VALUES ('71', '2', '45');
INSERT INTO `sys_role_menu` VALUES ('72', '2', '46');
INSERT INTO `sys_role_menu` VALUES ('73', '2', '47');
INSERT INTO `sys_role_menu` VALUES ('74', '2', '35');
INSERT INTO `sys_role_menu` VALUES ('75', '2', '43');
INSERT INTO `sys_role_menu` VALUES ('76', '2', '44');
INSERT INTO `sys_role_menu` VALUES ('78', '2', '37');
INSERT INTO `sys_role_menu` VALUES ('79', '2', '48');
INSERT INTO `sys_role_menu` VALUES ('80', '2', '49');
INSERT INTO `sys_role_menu` VALUES ('81', '2', '50');
INSERT INTO `sys_role_menu` VALUES ('82', '2', '-666666');

-- ----------------------------
-- Table structure for sys_user
-- ----------------------------
DROP TABLE IF EXISTS `sys_user`;
CREATE TABLE `sys_user` (
  `user_id` bigint(20) NOT NULL AUTO_INCREMENT,
  `username` varchar(50) NOT NULL COMMENT '用户名',
  `password` varchar(100) DEFAULT NULL COMMENT '密码',
  `salt` varchar(20) DEFAULT NULL COMMENT '盐',
  `email` varchar(100) DEFAULT NULL COMMENT '邮箱',
  `mobile` varchar(100) DEFAULT NULL COMMENT '手机号',
  `status` tinyint(4) DEFAULT NULL COMMENT '状态  0：禁用   1：正常',
  `create_user_id` bigint(20) DEFAULT NULL COMMENT '创建者ID',
  `create_time` datetime DEFAULT NULL COMMENT '创建时间',
  PRIMARY KEY (`user_id`),
  UNIQUE KEY `username` (`username`)
) ENGINE=InnoDB AUTO_INCREMENT=3 DEFAULT CHARSET=utf8mb4 COMMENT='系统用户';

-- ----------------------------
-- Records of sys_user
-- ----------------------------
INSERT INTO `sys_user` VALUES ('1', 'admin', '9ec9750e709431dad22365cabc5c625482e574c74adaebba7dd02f1129e4ce1d', 'YzcmCZNvbXocrsz9dm8e', 'root@renren.io', '13612345678', '1', '1', '2016-11-11 11:11:11');
INSERT INTO `sys_user` VALUES ('2', 'test', '1a27eb24f0611786af5ef7a433fa9062995ec14bb8063e1079667d94884d6580', 'g2Kel04s8IoJbCuF68O4', '12@163.com', '13222222222', '1', '1', '2021-12-07 19:56:23');

-- ----------------------------
-- Table structure for sys_user_role
-- ----------------------------
DROP TABLE IF EXISTS `sys_user_role`;
CREATE TABLE `sys_user_role` (
  `id` bigint(20) NOT NULL AUTO_INCREMENT,
  `user_id` bigint(20) DEFAULT NULL COMMENT '用户ID',
  `role_id` bigint(20) DEFAULT NULL COMMENT '角色ID',
  PRIMARY KEY (`id`)
) ENGINE=InnoDB AUTO_INCREMENT=2 DEFAULT CHARSET=utf8mb4 COMMENT='用户与角色对应关系';

-- ----------------------------
-- Records of sys_user_role
-- ----------------------------
INSERT INTO `sys_user_role` VALUES ('1', '2', '1');

-- ----------------------------
-- Table structure for sys_user_token
-- ----------------------------
DROP TABLE IF EXISTS `sys_user_token`;
CREATE TABLE `sys_user_token` (
  `user_id` bigint(20) NOT NULL,
  `token` varchar(100) NOT NULL COMMENT 'token',
  `expire_time` datetime DEFAULT NULL COMMENT '过期时间',
  `update_time` datetime DEFAULT NULL COMMENT '更新时间',
  PRIMARY KEY (`user_id`),
  UNIQUE KEY `token` (`token`)
) ENGINE=InnoDB DEFAULT CHARSET=utf8mb4 COMMENT='系统用户Token';

-- ----------------------------
-- Records of sys_user_token
-- ----------------------------
INSERT INTO `sys_user_token` VALUES ('1', 'd9651821a26772a58b0e6a06aaf50646', '2021-12-08 11:10:08', '2021-12-07 23:10:08');
INSERT INTO `sys_user_token` VALUES ('2', 'd09ee295d6e4bd6c33ea7714b55b9cb3', '2021-12-08 08:08:18', '2021-12-07 20:08:18');

-- ----------------------------
-- Table structure for tb_user
-- ----------------------------
DROP TABLE IF EXISTS `tb_user`;
CREATE TABLE `tb_user` (
  `user_id` bigint(20) NOT NULL AUTO_INCREMENT,
  `username` varchar(50) NOT NULL COMMENT '用户名',
  `mobile` varchar(20) NOT NULL COMMENT '手机号',
  `password` varchar(64) DEFAULT NULL COMMENT '密码',
  `create_time` datetime DEFAULT NULL COMMENT '创建时间',
  PRIMARY KEY (`user_id`),
  UNIQUE KEY `username` (`username`)
) ENGINE=InnoDB AUTO_INCREMENT=2 DEFAULT CHARSET=utf8mb4 COMMENT='用户';

-- ----------------------------
-- Records of tb_user
-- ----------------------------
INSERT INTO `tb_user` VALUES ('1', 'mark', '13612345678', '8c6976e5b5410415bde908bd4dee15dfb167a9c873fc4bb8a81f6f2ab448a918', '2017-03-23 22:37:41');

-- ----------------------------
-- Table structure for thm
-- ----------------------------
DROP TABLE IF EXISTS `thm`;
CREATE TABLE `thm` (
  `id` int(11) NOT NULL AUTO_INCREMENT,
  `username` varchar(255) DEFAULT NULL,
  `cx_time` datetime DEFAULT NULL,
  `place` varchar(255) DEFAULT NULL,
  `bz` varchar(255) DEFAULT NULL,
  `mobile` varchar(255) DEFAULT NULL,
  PRIMARY KEY (`id`)
) ENGINE=InnoDB AUTO_INCREMENT=15 DEFAULT CHARSET=utf8;

-- ----------------------------
-- Records of thm
-- ----------------------------
INSERT INTO `thm` VALUES ('2', 'test2', '2021-04-30 14:51:51', '成都-武汉', '2020年10月公务出行去武汉', '13218974571');
INSERT INTO `thm` VALUES ('3', 'test', '2021-04-30 14:51:51', '成都-武汉', '2020年10月公务出行去武汉', '13218974571');
INSERT INTO `thm` VALUES ('4', 'test2', '2021-04-30 14:51:51', '成都-武汉', '2020年10月公务出行去武汉', '13218974571');
INSERT INTO `thm` VALUES ('6', 'test', '2021-04-30 14:51:51', '成都-武汉', '2020年10月公务出行去武汉', '13218974571');
INSERT INTO `thm` VALUES ('7', 'test2', '2021-04-30 14:51:51', '成都-武汉', '2020年10月公务出行去武汉', '13218974571');
INSERT INTO `thm` VALUES ('9', 'test', '2021-04-30 14:51:51', '成都-武汉', '2020年10月公务出行去武汉', '13218974571');
INSERT INTO `thm` VALUES ('10', 'test2', '2021-04-30 14:51:51', '成都-武汉', '2020年10月公务出行去武汉', '13218974571');
INSERT INTO `thm` VALUES ('13', 'test', '2021-04-30 14:51:51', '成都-武汉', '2020年10月公务出行去武汉', '13218974571');
INSERT INTO `thm` VALUES ('14', 'test2', '2021-04-30 14:51:51', '成都-武汉', '2020年10月公务出行去武汉', '13218974571');

-- ----------------------------
-- Table structure for towork_apply
-- ----------------------------
DROP TABLE IF EXISTS `towork_apply`;
CREATE TABLE `towork_apply` (
  `id` int(11) NOT NULL AUTO_INCREMENT,
  `title` varchar(255) DEFAULT NULL,
  `content` varchar(255) DEFAULT NULL,
  `apply_user` varchar(255) DEFAULT NULL,
  `apply_time` datetime DEFAULT NULL,
  `bz` varchar(255) DEFAULT NULL,
  `stu` varchar(255) DEFAULT NULL,
  PRIMARY KEY (`id`)
) ENGINE=InnoDB AUTO_INCREMENT=8 DEFAULT CHARSET=utf8;

-- ----------------------------
-- Records of towork_apply
-- ----------------------------
INSERT INTO `towork_apply` VALUES ('1', '员工复工申请', '已完成隔离。身体健康、申请复工', '张三', '2021-12-07 17:25:18', '身体健康。申请复工', '拒绝申请');
INSERT INTO `towork_apply` VALUES ('2', '员工复工申请', '已完成隔离。身体健康、申请复工', '张三2', '2021-12-07 17:25:18', '身体健康。申请复工', '同意申请');
INSERT INTO `towork_apply` VALUES ('3', '员工复工申请', '已完成隔离。身体健康、申请复工', '张三3', '2021-12-07 17:25:18', '身体健康。申请复工', '未审核');
INSERT INTO `towork_apply` VALUES ('4', '员工复工申请', '已完成隔离。身体健康、申请复工', '张三4', '2021-12-07 17:25:18', '身体健康。申请复工', '同意申请');
INSERT INTO `towork_apply` VALUES ('5', '员工复工申请', '已完成隔离。身体健康、申请复工', '张三5', '2021-12-07 17:25:18', '身体健康。申请复工', '未审核');
INSERT INTO `towork_apply` VALUES ('6', '员工复工申请', '已完成隔离。身体健康、申请复工', '张三6', '2021-12-07 17:25:18', '身体健康。申请复工', '未审核');
INSERT INTO `towork_apply` VALUES ('7', '员工复工申请', '已完成隔离。身体健康、申请复工', '张三7', '2021-12-07 17:25:18', '身体健康。申请复工', '未审核');
